event-id,visible,timestamp,location-long,location-lat,algorithm-marked-outlier,argos:altitude,argos:best-level,argos:calcul-freq,argos:error-radius,argos:gdop,argos:iq,argos:lat1,argos:lat2,argos:lc,argos:lon1,argos:lon2,argos:nb-mes,argos:nb-mes-120,argos:nopc,argos:orientation,argos:pass-duration,argos:sat-id,argos:semi-major,argos:semi-minor,argos:sensor-1,argos:sensor-2,argos:sensor-3,argos:transmission-timestamp,argos:valid-location-algorithm,sensor-type,individual-taxon-canonical-name,tag-local-identifier,individual-local-identifier,study-name
17136255671,true,2009-06-08 23:08:07.000,-139.05785,69.59965,,0.073,-125.0,4.016774669E8,314.0,263,"11",69.59965,81.91506,"2",-139.05785,151.68992,9,0,3,95.0,496.0,"MA",1052.0,93.0,30,4,276,2009-06-08 23:05:01.000,"1","argos-doppler-shift","Vulpes lagopus","83762","RBRB","Arctic fox Herschel - Argos tracking"
17136264665,true,2009-06-09 16:47:07.000,-139.1204,69.63925,,0.0,-128.0,4.016775043E8,329.0,226,"11",69.63925,74.42971,"2",-139.1204,-165.68488,9,0,4,100.0,496.0,"NK",1274.0,84.0,12,3,384,2009-06-09 16:51:15.000,"1","argos-doppler-shift","Vulpes lagopus","83762","RBRB","Arctic fox Herschel - Argos tracking"
17136258637,true,2009-06-10 15:41:14.000,-139.0546,69.58119,,0.086,-128.0,4.016775103E8,486.0,959,"11",69.58119,65.2083,"2",-139.0546,-116.03031,9,0,2,96.0,620.0,"NL",8801.0,26.0,5,3,300,2009-06-10 15:40:44.000,"1","argos-doppler-shift","Vulpes lagopus","83762","RBRB","Arctic fox Herschel - Argos tracking"
17136264431,true,2009-06-11 14:19:21.000,-139.14988,69.61541,,0.111,-122.0,4.016775078E8,387.0,201,"11",69.61541,63.8537,"2",-139.14988,-106.13127,11,0,2,93.0,682.0,"NK",1429.0,104.0,5,3,372,2009-06-11 14:24:01.000,"1","argos-doppler-shift","Vulpes lagopus","83762","RBRB","Arctic fox Herschel - Argos tracking"
17136264039,true,2009-06-12 15:19:02.000,-139.04055,69.61039,,0.067,-129.0,4.016774963E8,369.0,354,"11",69.61039,63.41613,"2",-139.04055,-106.27638,6,0,4,100.0,310.0,"NL",1567.0,86.0,7,3,360,2009-06-12 15:19:33.000,"1","argos-doppler-shift","Vulpes lagopus","83762","RBRB","Arctic fox Herschel - Argos tracking"
17136264398,true,2009-06-13 16:50:45.000,-139.15613,69.59933,,0.131,-126.0,4.016775107E8,407.0,267,"11",69.59933,74.73,"2",-139.15613,-167.53784,8,0,4,98.0,496.0,"NK",1931.0,85.0,4,3,372,2009-06-13 16:49:12.000,"1","argos-doppler-shift","Vulpes lagopus","83762","RBRB","Arctic fox Herschel - Argos tracking"
17136259831,true,2009-06-14 14:47:31.000,-139.11832,69.5895,,0.164,-126.0,4.016775069E8,481.0,210,"11",69.5895,65.80686,"2",-139.11832,-117.6122,11,0,4,93.0,682.0,"NK",2811.0,82.0,4,3,308,2009-06-14 14:41:51.000,"1","argos-doppler-shift","Vulpes lagopus","83762","RBRB","Arctic fox Herschel - Argos tracking"
17136253340,true,2009-06-15 15:32:44.000,-139.11697,69.60066,,0.151,-134.0,4.01677497E8,268.0,427,"11",69.60066,82.86505,"2",-139.11697,148.05894,6,0,4,94.0,309.0,"NN",1214.0,59.0,23,2,264,2009-06-15 15:35:19.000,"1","argos-doppler-shift","Vulpes lagopus","83762","RBRB","Arctic fox Herschel - Argos tracking"
17136263468,true,2009-06-16 13:57:25.000,-139.05281,69.60501,,0.031,-127.0,4.016775047E8,414.0,484,"11",69.60501,62.63244,"2",-139.05281,-99.13721,9,0,3,97.0,496.0,"NK",3089.0,55.0,7,3,348,2009-06-16 14:02:04.000,"1","argos-doppler-shift","Vulpes lagopus","83762","RBRB","Arctic fox Herschel - Argos tracking"
17136264298,true,2009-06-17 16:55:24.000,-139.0169,69.61841,,0.088,-127.0,4.016775034E8,612.0,218,"11",69.61841,75.08682,"1",-139.0169,-169.23057,10,0,4,100.0,620.0,"NK",2425.0,154.0,7,3,368,2009-06-17 17:00:35.000,"1","argos-doppler-shift","Vulpes lagopus","83762","RBRB","Arctic fox Herschel - Argos tracking"
17136264312,true,2009-06-18 14:50:38.000,-138.98966,69.60651,,0.058,-126.0,4.016775093E8,423.0,248,"11",69.60651,66.10057,"2",-138.98966,-119.38098,10,0,4,95.0,682.0,"NK",2279.0,78.0,13,3,368,2009-06-18 14:53:13.000,"1","argos-doppler-shift","Vulpes lagopus","83762","RBRB","Arctic fox Herschel - Argos tracking"
17136263902,true,2009-06-19 14:51:25.000,-139.09443,69.60993,,0.12,-127.0,4.016775091E8,395.0,243,"11",69.60993,79.5068,"2",-139.09443,168.67211,9,0,4,97.0,558.0,"NN",1032.0,150.0,3,3,356,2009-06-19 14:46:46.000,"1","argos-doppler-shift","Vulpes lagopus","83762","RBRB","Arctic fox Herschel - Argos tracking"
17136263906,true,2009-06-20 14:41:51.000,-139.1243,69.59482,,0.157,-126.0,4.016775046E8,910.0,249,"11",69.59482,78.63001,"1",-139.1243,173.1164,10,0,4,96.0,558.0,"NN",1878.0,440.0,8,3,356,2009-06-20 14:37:13.000,"1","argos-doppler-shift","Vulpes lagopus","83762","RBRB","Arctic fox Herschel - Argos tracking"
17136264546,true,2009-06-21 14:29:43.000,-139.08425,69.58338,,0.09,-130.0,4.016775036E8,226.0,505,"11",69.58338,77.97465,"3",-139.08425,176.61052,7,0,4,93.0,434.0,"NN",1178.0,43.0,8,1,380,2009-06-21 14:27:40.000,"1","argos-doppler-shift","Vulpes lagopus","83762","RBRB","Arctic fox Herschel - Argos tracking"
17136264274,true,2009-06-22 16:35:01.000,-139.14078,69.59976,,0.131,-126.0,4.016775047E8,460.0,292,"11",69.59976,73.60981,"2",-139.14078,-161.34842,8,0,4,96.0,496.0,"NK",2464.0,85.0,6,3,368,2009-06-22 16:36:34.000,"1","argos-doppler-shift","Vulpes lagopus","83762","RBRB","Arctic fox Herschel - Argos tracking"
17136264601,true,2009-06-23 14:08:01.000,-139.04113,69.61076,,0.06,-124.0,4.016775056E8,358.0,421,"11",69.61076,76.37311,"2",-139.04113,-174.63621,7,0,3,99.0,558.0,"NN",2000.0,64.0,5,3,380,2009-06-23 14:10:37.000,"1","argos-doppler-shift","Vulpes lagopus","83762","RBRB","Arctic fox Herschel - Argos tracking"
17136264430,true,2009-06-24 13:57:26.000,-139.0667,69.59255,,0.079,-129.0,4.016775062E8,352.0,260,"11",69.59255,75.49255,"2",-139.0667,-169.73121,10,0,3,102.0,682.0,"NN",1312.0,94.0,3,3,372,2009-06-24 14:02:06.000,"1","argos-doppler-shift","Vulpes lagopus","83762","RBRB","Arctic fox Herschel - Argos tracking"
17136262919,true,2009-06-25 15:28:38.000,-139.11793,69.61499,,0.146,-128.0,4.016775069E8,314.0,278,"11",69.61499,82.4021,"2",-139.11793,151.89746,8,0,3,92.0,496.0,"NN",820.0,120.0,3,3,340,2009-06-25 15:26:34.000,"1","argos-doppler-shift","Vulpes lagopus","83762","RBRB","Arctic fox Herschel - Argos tracking"
17136260492,true,2009-06-26 16:40:12.000,-139.09177,69.58184,,0.106,-126.0,4.01677506E8,237.0,394,"11",69.58184,73.92704,"3",-139.09177,-163.457,7,0,3,91.0,496.0,"NK",698.0,80.0,4,3,316,2009-06-26 16:41:45.000,"1","argos-doppler-shift","Vulpes lagopus","83762","RBRB","Arctic fox Herschel - Argos tracking"
17136252246,true,2009-06-27 15:46:43.000,-139.03699,69.623,,0.0,-130.0,4.016774977E8,288.0,462,"11",69.623,65.12797,"2",-139.03699,-114.60643,6,0,4,90.0,372.0,"NL",3206.0,25.0,20,4,256,2009-06-27 15:43:38.000,"1","argos-doppler-shift","Vulpes lagopus","83762","RBRB","Arctic fox Herschel - Argos tracking"
17136262132,true,2009-06-28 14:11:24.000,-139.08535,69.61164,,0.116,-130.0,4.016775163E8,380.0,383,"11",69.61164,63.4772,"2",-139.08535,-103.92175,5,0,1,101.0,248.0,"NK",1130.0,128.0,7,3,332,2009-06-28 14:09:20.000,"1","argos-doppler-shift","Vulpes lagopus","83762","RBRB","Arctic fox Herschel - Argos tracking"
17136250615,true,2009-06-29 15:20:53.000,-139.0654,69.61211,,0.094,-128.0,4.016775037E8,331.0,229,"11",69.61211,63.19714,"2",-139.0654,-104.97392,9,0,3,88.0,558.0,"NL",1227.0,89.0,9,3,244,2009-06-29 15:25:33.000,"1","argos-doppler-shift","Vulpes lagopus","83762","RBRB","Arctic fox Herschel - Argos tracking"
17136262640,true,2009-06-30 14:36:12.000,-139.07021,69.61048,,0.095,-128.0,4.016775055E8,1227.0,226,"11",69.61048,78.28912,"1",-139.07021,175.2227,10,0,4,97.0,558.0,"NN",3450.0,436.0,13,3,336,2009-06-30 14:36:43.000,"1","argos-doppler-shift","Vulpes lagopus","83762","RBRB","Arctic fox Herschel - Argos tracking"
17136264617,true,2009-07-01 14:25:05.000,-139.08284,69.60813,,0.104,-126.0,4.016775048E8,422.0,288,"11",69.60813,77.52861,"2",-139.08284,179.19101,7,0,3,95.0,372.0,"NN",1599.0,111.0,14,4,380,2009-07-01 14:22:00.000,"1","argos-doppler-shift","Vulpes lagopus","83762","RBRB","Arctic fox Herschel - Argos tracking"
17136264077,true,2009-07-02 14:15:01.000,-139.14614,69.62339,,0.12,-125.0,4.016775036E8,388.0,310,"11",69.62339,76.67672,"2",-139.14614,-176.44223,11,0,3,93.0,620.0,"NN",1340.0,112.0,6,3,360,2009-07-02 14:12:26.000,"1","argos-doppler-shift","Vulpes lagopus","83762","RBRB","Arctic fox Herschel - Argos tracking"
17136264000,true,2009-07-03 14:04:25.000,-139.07299,69.61109,,0.096,-128.0,4.016774989E8,180.0,266,"11",69.61109,75.86598,"3",-139.07299,-172.05967,9,0,3,99.0,620.0,"NN",549.0,58.0,13,4,356,2009-07-03 14:08:03.000,"1","argos-doppler-shift","Vulpes lagopus","83762","RBRB","Arctic fox Herschel - Argos tracking"
17136260863,true,2009-07-04 16:47:57.000,-139.11453,69.61223,,0.14,-126.0,4.016774922E8,200.0,255,"11",69.61223,74.5691,"3",-139.11453,-166.61522,11,0,4,97.0,620.0,"NK",772.0,51.0,24,4,316,2009-07-04 16:50:02.000,"1","argos-doppler-shift","Vulpes lagopus","83762","RBRB","Arctic fox Herschel - Argos tracking"
17136261844,true,2009-07-05 14:44:12.000,-139.12093,69.61913,,0.149,-127.0,4.016774567E8,708.0,255,"11",69.61913,65.62023,"1",-139.12093,-116.5752,8,0,3,93.0,558.0,"NK",4318.0,116.0,31,4,324,2009-07-05 14:46:48.000,"1","argos-doppler-shift","Vulpes lagopus","83762","RBRB","Arctic fox Herschel - Argos tracking"
17136260841,true,2009-07-06 14:21:12.000,-139.10265,69.60601,,0.136,-125.0,4.016774934E8,179.0,202,"11",69.60601,64.03471,"3",-139.10265,-106.96334,10,0,3,89.0,558.0,"NK",759.0,42.0,22,4,316,2009-07-06 14:20:42.000,"1","argos-doppler-shift","Vulpes lagopus","83762","RBRB","Arctic fox Herschel - Argos tracking"
17136265064,true,2009-07-07 13:43:45.000,-139.08371,69.61253,,0.098,-130.0,4.016775031E8,235.0,541,"11",69.61253,56.67577,"3",-139.08371,-67.54325,7,0,3,97.0,558.0,"NL",736.0,75.0,13,4,412,2009-07-07 13:48:24.000,"1","argos-doppler-shift","Vulpes lagopus","83762","RBRB","Arctic fox Herschel - Argos tracking"
17136262442,true,2009-07-08 16:54:08.000,-139.06232,69.62276,,0.069,-128.0,4.016774954E8,405.0,294,"11",69.62276,74.83544,"2",-139.06232,-168.67667,7,0,4,108.0,372.0,"NK",1212.0,135.0,22,4,332,2009-07-08 16:54:09.000,"1","argos-doppler-shift","Vulpes lagopus","83762","RBRB","Arctic fox Herschel - Argos tracking"
17136260810,true,2009-07-09 16:28:34.000,-139.05204,69.60842,,0.082,-129.0,4.016774452E8,852.0,263,"11",69.60842,73.11565,"1",-139.05204,-158.5645,8,0,3,101.0,434.0,"NK",3981.0,182.0,31,4,316,2009-07-09 16:31:09.000,"1","argos-doppler-shift","Vulpes lagopus","83762","RBRB","Arctic fox Herschel - Argos tracking"
17136256070,true,2009-07-10 14:29:59.000,-139.08713,69.60498,,0.116,-127.0,4.016774524E8,229.0,335,"11",69.60498,78.00621,"3",-139.08713,176.69829,7,0,3,98.0,372.0,"NN",1103.0,47.0,29,4,280,2009-07-10 14:27:56.000,"1","argos-doppler-shift","Vulpes lagopus","83762","RBRB","Arctic fox Herschel - Argos tracking"
17136259988,true,2009-07-11 16:18:45.000,-139.0466,69.59895,,0.02,-129.0,4.016774629E8,432.0,602,"11",69.59895,67.46298,"2",-139.0466,-127.96862,12,0,4,100.0,682.0,"NL",5531.0,33.0,28,4,308,2009-07-11 16:27:32.000,"1","argos-doppler-shift","Vulpes lagopus","83762","RBRB","Arctic fox Herschel - Argos tracking"
17136257866,true,2009-07-12 15:49:33.000,-139.08126,69.59417,,0.1,-131.0,4.016774989E8,216.0,354,"11",69.59417,84.17921,"3",-139.08126,139.67155,6,0,4,91.0,434.0,"NN",712.0,65.0,15,4,292,2009-07-12 15:50:04.000,"1","argos-doppler-shift","Vulpes lagopus","83762","RBRB","Arctic fox Herschel - Argos tracking"
17136256728,true,2009-07-13 14:16:48.000,-139.05515,69.59337,,0.066,-130.0,4.016774729E8,239.0,539,"11",69.59337,58.94503,"3",-139.05515,-78.63284,7,0,4,75.0,372.0,"NL",1049.0,54.0,26,4,284,2009-07-13 14:17:51.000,"1","argos-doppler-shift","Vulpes lagopus","83762","RBRB","Arctic fox Herschel - Argos tracking"
17136264773,true,2009-07-14 14:28:26.000,-139.03994,69.60229,,0.082,-124.0,4.016775046E8,498.0,217,"11",69.60229,64.56996,"2",-139.03994,-110.56339,10,0,3,94.0,806.0,"NK",2731.0,90.0,17,4,388,2009-07-14 14:22:45.000,"1","argos-doppler-shift","Vulpes lagopus","83762","RBRB","Arctic fox Herschel - Argos tracking"
17136261460,true,2009-07-15 14:03:53.000,-139.09185,69.60102,,0.109,-127.0,4.016775052E8,388.0,223,"11",69.60102,62.92784,"2",-139.09185,-100.97408,9,0,3,93.0,496.0,"NK",1324.0,113.0,6,3,324,2009-07-15 14:07:00.000,"1","argos-doppler-shift","Vulpes lagopus","83762","RBRB","Arctic fox Herschel - Argos tracking"
17136264727,true,2009-07-16 17:00:20.000,-139.09827,69.59661,,0.102,-122.0,4.016774999E8,434.0,347,"11",69.59661,75.53728,"2",-139.09827,-172.15367,8,0,4,92.0,434.0,"NK",1830.0,102.0,20,3,388,2009-07-16 16:56:12.000,"1","argos-doppler-shift","Vulpes lagopus","83762","RBRB","Arctic fox Herschel - Argos tracking"
17136255547,true,2009-07-17 13:17:54.000,-139.02,69.58181,,0.032,-129.0,4.016774501E8,187.0,352,"11",69.58181,72.26299,"3",-139.02,-153.30936,7,0,3,102.0,372.0,"NN",1049.0,33.0,30,4,276,2009-07-17 13:18:56.000,"1","argos-doppler-shift","Vulpes lagopus","83762","RBRB","Arctic fox Herschel - Argos tracking"
17136262008,true,2009-07-18 14:57:21.000,-139.12601,69.61484,,0.148,-126.0,4.016774982E8,411.0,227,"11",69.61484,61.374,"2",-139.12601,-94.62165,10,0,3,88.0,558.0,"NL",1275.0,132.0,10,3,328,2009-07-18 14:54:47.000,"1","argos-doppler-shift","Vulpes lagopus","83762","RBRB","Arctic fox Herschel - Argos tracking"
17136259663,true,2009-07-19 16:25:58.000,-139.08905,69.60287,,0.107,-128.0,4.016775015E8,362.0,433,"11",69.60287,67.77428,"2",-139.08905,-129.56013,9,0,3,98.0,558.0,"NL",3511.0,37.0,8,3,308,2009-07-19 16:27:31.000,"1","argos-doppler-shift","Vulpes lagopus","83762","RBRB","Arctic fox Herschel - Argos tracking"
17136260431,true,2009-07-20 14:32:02.000,-139.05345,69.60725,,0.083,-129.0,4.016775015E8,197.0,336,"11",69.60725,59.71972,"3",-139.05345,-85.62328,8,0,4,99.0,434.0,"NL",620.0,62.0,8,3,316,2009-07-20 14:29:28.000,"1","argos-doppler-shift","Vulpes lagopus","83762","RBRB","Arctic fox Herschel - Argos tracking"
17136265216,true,2009-07-21 16:03:14.000,-139.01707,69.59604,,0.031,-127.0,4.016775061E8,779.0,232,"11",69.59604,65.99396,"1",-139.01707,-120.09429,12,0,3,95.0,744.0,"NL",5144.0,118.0,11,3,428,2009-07-21 16:03:14.000,"1","argos-doppler-shift","Vulpes lagopus","83762","RBRB","Arctic fox Herschel - Argos tracking"
17136253000,true,2009-07-22 14:39:47.000,-139.10111,69.60906,,0.128,-130.0,4.016774781E8,368.0,612,"11",69.60906,65.38841,"2",-139.10111,-114.23026,6,0,2,92.0,310.0,"NK",5204.0,26.0,24,4,260,2009-07-22 14:40:19.000,"1","argos-doppler-shift","Vulpes lagopus","83762","RBRB","Arctic fox Herschel - Argos tracking"
17136255531,true,2009-07-23 15:38:57.000,-139.08451,69.62499,,0.113,-130.0,4.016774738E8,301.0,249,"11",69.62499,64.3038,"2",-139.08451,-110.79664,7,0,3,92.0,372.0,"NL",1068.0,84.0,27,4,276,2009-07-23 15:42:03.000,"1","argos-doppler-shift","Vulpes lagopus","83762","RBRB","Arctic fox Herschel - Argos tracking"
17136255603,true,2009-07-24 15:23:42.000,-139.0464,69.60369,,0.084,-129.0,4.016774532E8,210.0,438,"11",69.60369,82.1422,"3",-139.0464,152.9203,7,0,3,96.0,434.0,"NN",995.0,44.0,30,4,276,2009-07-24 15:28:22.000,"1","argos-doppler-shift","Vulpes lagopus","83762","RBRB","Arctic fox Herschel - Argos tracking"
17136264387,true,2009-07-25 15:13:07.000,-139.12102,69.58893,,0.154,-127.0,4.016774912E8,441.0,300,"11",69.58893,81.28254,"2",-139.12102,158.39829,8,0,3,96.0,434.0,"NN",1655.0,117.0,12,3,372,2009-07-25 15:10:32.000,"1","argos-doppler-shift","Vulpes lagopus","83762","RBRB","Arctic fox Herschel - Argos tracking"
17136254219,true,2009-07-26 15:02:31.000,-139.0555,69.59419,,0.064,-130.0,4.016774948E8,434.0,291,"11",69.59419,61.69443,"2",-139.0555,-96.8134,7,0,3,95.0,434.0,"NL",1499.0,125.0,17,4,268,2009-07-26 15:02:01.000,"1","argos-doppler-shift","Vulpes lagopus","83762","RBRB","Arctic fox Herschel - Argos tracking"
17136257851,true,2009-07-27 16:10:58.000,-139.08519,69.62269,,0.131,-129.0,4.016774648E8,493.0,1028,"11",69.62269,53.47393,"2",-139.08519,-39.18902,7,0,4,101.0,372.0,"MA",2843.0,85.0,28,4,292,2009-07-27 16:09:57.000,"1","argos-doppler-shift","Vulpes lagopus","83762","RBRB","Arctic fox Herschel - Argos tracking"
17136265256,true,2009-07-28 14:41:20.000,-139.05034,69.60205,,0.079,-125.0,4.016774975E8,452.0,217,"11",69.60205,78.80163,"2",-139.05034,172.92082,12,0,3,99.0,682.0,"NN",1445.0,141.0,16,1,516,2009-07-28 14:43:55.000,"1","argos-doppler-shift","Vulpes lagopus","83762","RBRB","Arctic fox Herschel - Argos tracking"
17136264802,true,2009-07-29 14:31:15.000,-139.1022,69.60075,,0.154,-127.0,4.016774934E8,222.0,488,"11",69.60075,78.01293,"3",-139.1022,176.39812,10,0,4,96.0,558.0,"NN",1296.0,38.0,15,3,392,2009-07-29 14:33:19.000,"1","argos-doppler-shift","Vulpes lagopus","83762","RBRB","Arctic fox Herschel - Argos tracking"
17136255550,true,2009-07-30 15:59:51.000,-139.12599,69.61534,,0.148,-131.0,4.016774459E8,417.0,457,"11",69.61534,85.03386,"2",-139.12599,131.38011,7,0,4,105.0,372.0,"NN",1670.0,104.0,31,4,276,2009-07-30 16:02:58.000,"1","argos-doppler-shift","Vulpes lagopus","83762","RBRB","Arctic fox Herschel - Argos tracking"
17136263285,true,2009-07-31 16:02:11.000,-139.04689,69.59613,,0.063,-125.0,4.016774971E8,477.0,453,"11",69.59613,71.16874,"2",-139.04689,-147.88539,10,0,4,102.0,558.0,"NK",4672.0,48.0,14,3,344,2009-07-31 16:00:38.000,"1","argos-doppler-shift","Vulpes lagopus","83762","RBRB","Arctic fox Herschel - Argos tracking"
17136256672,true,2009-08-01 14:01:01.000,-139.04879,69.59641,,0.068,-128.0,4.016774993E8,229.0,473,"11",69.59641,75.48628,"3",-139.04879,-170.55491,5,0,3,86.0,310.0,"NN",510.0,103.0,12,4,284,2009-08-01 14:04:38.000,"1","argos-doppler-shift","Vulpes lagopus","83762","RBRB","Arctic fox Herschel - Argos tracking"
17136260325,true,2009-08-02 13:50:25.000,-139.07435,69.61663,,0.104,-125.0,4.016774965E8,397.0,248,"11",69.61663,74.65477,"2",-139.07435,-165.56525,10,0,1,103.0,682.0,"NN",1714.0,91.0,13,4,312,2009-08-02 13:53:01.000,"1","argos-doppler-shift","Vulpes lagopus","83762","RBRB","Arctic fox Herschel - Argos tracking"
17136257819,true,2009-08-03 13:08:50.000,-139.07708,69.5794,,0.09,-127.0,4.01677497E8,255.0,611,"11",69.5794,59.46307,"2",-139.07708,-78.98687,4,0,3,95.0,310.0,"NK",391.0,166.0,12,4,292,2009-08-03 13:06:15.000,"1","argos-doppler-shift","Vulpes lagopus","83762","RBRB","Arctic fox Herschel - Argos tracking"
17136264466,true,2009-08-04 14:25:33.000,-139.12746,69.61215,,0.149,-123.0,4.016774875E8,341.0,194,"11",69.61215,64.37944,"2",-139.12746,-109.28564,11,0,3,92.0,620.0,"NK",1521.0,76.0,22,4,372,2009-08-04 14:25:34.000,"1","argos-doppler-shift","Vulpes lagopus","83762","RBRB","Arctic fox Herschel - Argos tracking"
17136255575,true,2009-08-05 16:26:42.000,-139.15265,69.62074,,0.088,-128.0,4.016774818E8,217.0,335,"11",69.62074,85.94524,"3",-139.15265,116.57955,8,0,4,80.0,434.0,"NP",592.0,79.0,21,4,276,2009-08-05 16:24:08.000,"1","argos-doppler-shift","Vulpes lagopus","83762","RBRB","Arctic fox Herschel - Argos tracking"
17136254902,true,2009-08-06 14:48:48.000,-139.11752,69.595,,0.147,-128.0,4.01677493E8,407.0,243,"11",69.595,79.10162,"2",-139.11752,170.36115,9,0,3,93.0,496.0,"NN",999.0,165.0,8,4,272,2009-08-06 14:51:54.000,"1","argos-doppler-shift","Vulpes lagopus","83762","RBRB","Arctic fox Herschel - Argos tracking"
17136265242,true,2009-08-07 16:06:02.000,-139.09944,69.58123,,0.107,-128.0,4.016774958E8,370.0,379,"11",69.58123,84.5128,"2",-139.09944,132.28849,6,0,1,83.0,496.0,"NP",1384.0,99.0,12,3,444,2009-08-07 16:03:59.000,"1","argos-doppler-shift","Vulpes lagopus","83762","RBRB","Arctic fox Herschel - Argos tracking"
17136265229,true,2009-08-08 16:07:20.000,-139.04152,69.57836,,0.036,-136.0,4.016774766E8,237.0,522,"11",69.57836,85.30785,"3",-139.04152,128.94854,4,0,4,86.0,310.0,"NN",975.0,57.0,26,4,432,2009-08-08 16:06:49.000,"1","argos-doppler-shift","Vulpes lagopus","83762","RBRB","Arctic fox Herschel - Argos tracking"
17136250068,true,2009-08-09 15:38:39.000,-139.06328,69.61173,,0.092,-130.0,4.016775055E8,213.0,242,"11",69.61173,64.09019,"3",-139.06328,-109.84021,8,0,3,96.0,496.0,"NL",753.0,60.0,3,3,240,2009-08-09 15:39:42.000,"1","argos-doppler-shift","Vulpes lagopus","83762","RBRB","Arctic fox Herschel - Argos tracking"
17136251718,true,2009-08-10 14:06:26.000,-139.12283,69.61251,,0.15,-130.0,4.016774816E8,228.0,353,"11",69.61251,75.88731,"3",-139.12283,-172.50342,6,0,2,90.0,372.0,"NN",639.0,81.0,19,4,252,2009-08-10 14:05:24.000,"1","argos-doppler-shift","Vulpes lagopus","83762","RBRB","Arctic fox Herschel - Argos tracking"
17136253558,true,2009-08-11 15:34:00.000,-139.09667,69.58172,,0.108,-134.0,4.016774896E8,341.0,870,"11",69.58172,83.01899,"2",-139.09667,146.1234,4,0,4,108.0,248.0,"NN",1761.0,66.0,23,4,264,2009-08-11 15:31:57.000,"1","argos-doppler-shift","Vulpes lagopus","83762","RBRB","Arctic fox Herschel - Argos tracking"
17136251235,true,2009-08-12 16:13:01.000,-139.06012,69.60317,,0.079,-129.0,4.016774704E8,223.0,472,"11",69.60317,72.15319,"3",-139.06012,-153.21,6,0,3,98.0,434.0,"NK",1835.0,27.0,28,4,248,2009-08-12 16:14:03.000,"1","argos-doppler-shift","Vulpes lagopus","83762","RBRB","Arctic fox Herschel - Argos tracking"
17136265275,true,2009-08-13 13:34:08.000,-139.07713,69.61664,,0.107,-125.0,4.016775008E8,479.0,260,"11",69.61664,73.47773,"2",-139.07713,-159.41292,11,0,3,102.0,620.0,"NN",2387.0,95.0,5,4,740,2009-08-13 13:34:40.000,"1","argos-doppler-shift","Vulpes lagopus","83762","RBRB","Arctic fox Herschel - Argos tracking"
17136254383,true,2009-08-14 13:24:04.000,-139.10808,69.6066,,0.145,-130.0,4.016774984E8,447.0,304,"11",69.6066,72.65845,"2",-139.10808,-155.28893,9,0,3,102.0,620.0,"NN",2684.0,74.0,10,4,268,2009-08-14 13:29:15.000,"1","argos-doppler-shift","Vulpes lagopus","83762","RBRB","Arctic fox Herschel - Argos tracking"
17136256667,true,2009-08-15 16:09:09.000,-139.08034,69.61214,,0.097,-130.0,4.016774856E8,189.0,333,"11",69.61214,66.23513,"3",-139.08034,-121.24454,5,0,3,94.0,248.0,"NL",781.0,45.0,21,4,284,2009-08-15 16:11:13.000,"1","argos-doppler-shift","Vulpes lagopus","83762","RBRB","Arctic fox Herschel - Argos tracking"
17136257847,true,2009-08-17 14:24:32.000,-139.09353,69.57729,,0.083,-128.0,4.016774887E8,181.0,329,"11",69.57729,76.73563,"3",-139.09353,-178.51058,5,0,3,101.0,372.0,"NP",457.0,71.0,22,4,292,2009-08-17 14:24:32.000,"1","argos-doppler-shift","Vulpes lagopus","83762","RBRB","Arctic fox Herschel - Argos tracking"
17136254986,true,2009-08-19 14:02:04.000,-139.1322,69.59653,,0.164,-129.0,4.016774595E8,484.0,324,"11",69.59653,75.31437,"2",-139.1322,-169.98547,10,0,2,96.0,558.0,"NP",2316.0,101.0,27,4,272,2009-08-19 14:05:41.000,"1","argos-doppler-shift","Vulpes lagopus","83762","RBRB","Arctic fox Herschel - Argos tracking"
17136264447,true,2009-08-21 17:01:37.000,-139.14124,69.60166,,0.152,-129.0,4.016774835E8,335.0,499,"11",69.60166,87.92516,"2",-139.14124,50.02233,6,0,4,98.0,310.0,"NP",1407.0,79.0,24,4,372,2009-08-21 16:59:02.000,"1","argos-doppler-shift","Vulpes lagopus","83762","RBRB","Arctic fox Herschel - Argos tracking"
17136251208,true,2009-08-23 16:49:29.000,-139.10214,69.62514,,0.124,-131.0,4.016774635E8,211.0,377,"11",69.62514,88.08787,"3",-139.10214,74.67786,7,0,3,91.0,372.0,"NN",803.0,55.0,28,4,248,2009-08-23 16:46:23.000,"1","argos-doppler-shift","Vulpes lagopus","83762","RBRB","Arctic fox Herschel - Argos tracking"
17136263135,true,2009-08-25 13:09:08.000,-139.03827,69.59179,,0.056,-124.0,4.016774952E8,823.0,414,"11",69.59179,71.47988,"1",-139.03827,-149.13706,9,0,3,102.0,496.0,"NN",7273.0,93.0,7,4,340,2009-08-25 13:11:12.000,"1","argos-doppler-shift","Vulpes lagopus","83762","RBRB","Arctic fox Herschel - Argos tracking"
17136254876,true,2009-08-27 15:30:58.000,-139.04942,69.5922,,0.062,-131.0,4.016774944E8,392.0,450,"11",69.5922,63.3462,"2",-139.04942,-104.49131,8,0,4,90.0,434.0,"NL",4085.0,37.0,19,4,272,2009-08-27 15:33:33.000,"1","argos-doppler-shift","Vulpes lagopus","83762","RBRB","Arctic fox Herschel - Argos tracking"
17136249047,true,2009-08-29 16:47:11.000,-139.101,69.58068,,0.105,-136.0,4.016774889E8,1883.0,5308,"11",69.58068,68.76608,"0",-139.101,-134.73863,4,0,1,99.0,186.0,"NL",170010.0,20.0,24,4,228,2009-08-29 16:48:44.000,"1","argos-doppler-shift","Vulpes lagopus","83762","RBRB","Arctic fox Herschel - Argos tracking"
17136260793,true,2009-08-31 13:37:19.000,-139.10346,69.57158,,0.062,-126.0,4.016774731E8,1461.0,321,"11",69.57158,61.26277,"1",-139.10346,-91.03128,7,0,3,98.0,372.0,"NK",3838.0,556.0,18,4,316,2009-08-31 13:38:21.000,"1","argos-doppler-shift","Vulpes lagopus","83762","RBRB","Arctic fox Herschel - Argos tracking"
17136251241,true,2009-09-02 15:58:07.000,-139.08486,69.58193,,0.097,-127.0,4.0167744E8,273.0,237,"11",69.58193,65.15595,"2",-139.08486,-115.51586,8,0,3,91.0,434.0,"NL",1316.0,56.0,31,4,248,2009-09-02 15:57:36.000,"1","argos-doppler-shift","Vulpes lagopus","83762","RBRB","Arctic fox Herschel - Argos tracking"
17136249795,true,2009-09-04 17:00:54.000,-139.09542,69.61798,,0.14,-129.0,4.016774105E8,196.0,365,"11",69.61798,75.82496,"3",-139.09542,-173.42887,5,0,4,98.0,310.0,"NK",1031.0,37.0,35,4,236,2009-09-04 16:58:19.000,"1","argos-doppler-shift","Vulpes lagopus","83762","RBRB","Arctic fox Herschel - Argos tracking"
17136263792,true,2009-09-06 16:15:11.000,-139.13609,69.61617,,0.109,-126.0,4.016774662E8,244.0,488,"11",69.61617,72.19832,"3",-139.13609,-153.73364,10,0,4,106.0,558.0,"NK",949.0,62.0,25,4,352,2009-09-06 16:09:30.000,"1","argos-doppler-shift","Vulpes lagopus","83762","RBRB","Arctic fox Herschel - Argos tracking"
17136259264,true,2009-09-08 13:59:34.000,-139.10052,69.58427,,0.133,-132.0,4.016774832E8,392.0,303,"11",69.58427,75.00287,"2",-139.10052,-168.74522,7,0,3,99.0,372.0,"NP",976.0,157.0,15,4,304,2009-09-08 14:02:09.000,"1","argos-doppler-shift","Vulpes lagopus","83762","RBRB","Arctic fox Herschel - Argos tracking"
17136254930,true,2009-09-10 14:40:08.000,-139.16118,69.59535,,0.139,-127.0,4.016774563E8,399.0,225,"11",69.59535,65.41681,"2",-139.16118,-115.01179,9,0,3,90.0,496.0,"NK",2255.0,70.0,25,4,272,2009-09-10 14:44:16.000,"1","argos-doppler-shift","Vulpes lagopus","83762","RBRB","Arctic fox Herschel - Argos tracking"
17136250863,true,2009-09-12 13:50:17.000,-139.0479,69.58324,,0.049,-128.0,4.016774912E8,431.0,242,"11",69.58324,62.09293,"2",-139.0479,-95.86177,8,0,3,90.0,496.0,"NK",1420.0,130.0,5,4,244,2009-09-12 13:48:14.000,"1","argos-doppler-shift","Vulpes lagopus","83762","RBRB","Arctic fox Herschel - Argos tracking"
17136249929,true,2009-09-14 15:15:49.000,-139.16956,69.58718,,0.094,-131.0,4.016774122E8,275.0,250,"11",69.58718,62.0115,"2",-139.16956,-98.43535,8,0,3,93.0,496.0,"NL",825.0,91.0,33,4,236,2009-09-14 15:16:51.000,"1","argos-doppler-shift","Vulpes lagopus","83762","RBRB","Arctic fox Herschel - Argos tracking"
17136263983,true,2009-09-16 13:54:27.000,-139.08311,69.58636,,0.1,-129.0,4.016774881E8,640.0,244,"11",69.58636,62.40655,"1",-139.08311,-97.59734,8,0,3,90.0,434.0,"NK",1822.0,224.0,7,4,356,2009-09-16 13:58:04.000,"1","argos-doppler-shift","Vulpes lagopus","83762","RBRB","Arctic fox Herschel - Argos tracking"
17136247446,true,2009-09-18 16:10:05.000,-139.09418,69.60355,,0.116,-132.0,4.016775017E8,288.0,272,"11",69.60355,65.82485,"2",-139.09418,-119.2142,7,0,4,92.0,496.0,"NL",1405.0,59.0,2,3,196,2009-09-18 16:09:04.000,"1","argos-doppler-shift","Vulpes lagopus","83762","RBRB","Arctic fox Herschel - Argos tracking"
17136248581,true,2009-09-20 15:46:36.000,-139.11846,69.60416,,0.155,-130.0,4.016775008E8,207.0,341,"11",69.60416,64.0826,"3",-139.11846,-109.78405,5,0,3,84.0,434.0,"NL",909.0,46.0,2,3,224,2009-09-20 15:50:13.000,"1","argos-doppler-shift","Vulpes lagopus","83762","RBRB","Arctic fox Herschel - Argos tracking"
17136261196,true,2009-09-22 13:16:00.000,-139.11889,69.58711,,0.155,-125.0,4.016775042E8,659.0,366,"11",69.58711,71.83384,"1",-139.11889,-151.31622,12,0,3,102.0,744.0,"NP",4958.0,87.0,1,3,320,2009-09-22 13:22:13.000,"1","argos-doppler-shift","Vulpes lagopus","83762","RBRB","Arctic fox Herschel - Argos tracking"
17136248144,true,2009-09-24 13:15:15.000,-138.98074,69.57979,,0.151,-136.0,4.016775038E8,0.0,3538,"11",69.57979,54.52055,"B",-138.98074,-51.31233,2,0,2,47.0,62.0,"NL",0.0,0.0,0,4,216,2009-09-24 13:15:46.000,"1","argos-doppler-shift","Vulpes lagopus","83762","RBRB","Arctic fox Herschel - Argos tracking"
17136249130,true,2009-09-26 14:14:25.000,-139.08085,69.60246,,0.152,-132.0,4.016775057E8,492.0,471,"11",69.60246,76.44277,"2",-139.08085,-176.01037,7,0,4,97.0,434.0,"NP",3036.0,79.0,2,4,228,2009-09-26 14:18:34.000,"1","argos-doppler-shift","Vulpes lagopus","83762","RBRB","Arctic fox Herschel - Argos tracking"
17136249218,true,2009-09-28 15:51:50.000,-139.06956,69.60401,,0.089,-130.0,4.016774397E8,235.0,225,"11",69.60401,64.41562,"3",-139.06956,-111.64166,9,0,3,92.0,558.0,"NL",1148.0,48.0,30,4,228,2009-09-28 15:56:29.000,"1","argos-doppler-shift","Vulpes lagopus","83762","RBRB","Arctic fox Herschel - Argos tracking"
17136247459,true,2009-09-30 16:39:38.000,-139.08276,69.61571,,0.108,-134.0,4.016774898E8,187.0,327,"11",69.61571,74.0358,"3",-139.08276,-163.96019,5,0,4,101.0,248.0,"NK",475.0,73.0,9,4,196,2009-09-30 16:37:35.000,"1","argos-doppler-shift","Vulpes lagopus","83762","RBRB","Arctic fox Herschel - Argos tracking"
17136251588,true,2009-10-01 15:14:08.000,-139.08781,69.57545,,0.089,-125.0,4.016775237E8,486.0,512,"11",69.57545,61.90863,"2",-139.08781,-98.24725,11,0,4,98.0,620.0,"NL",3391.0,69.0,-2,3,252,2009-10-01 15:18:47.000,"1","argos-doppler-shift","Vulpes lagopus","83762","RBRB","Arctic fox Herschel - Argos tracking"
17136250085,true,2009-10-03 14:43:55.000,-139.09922,69.61764,,0.139,-129.0,4.016775181E8,218.0,228,"11",69.61764,78.56324,"3",-139.09922,172.64008,10,0,4,96.0,558.0,"NP",621.0,76.0,-2,3,240,2009-10-03 14:39:17.000,"1","argos-doppler-shift","Vulpes lagopus","83762","RBRB","Arctic fox Herschel - Argos tracking"
17136247478,true,2009-10-05 14:23:01.000,-139.12986,69.58268,,0.15,-130.0,4.016774958E8,192.0,335,"11",69.58268,77.03618,"3",-139.12986,-179.38172,8,0,3,94.0,434.0,"NP",813.0,45.0,4,4,196,2009-10-05 14:25:36.000,"1","argos-doppler-shift","Vulpes lagopus","83762","RBRB","Arctic fox Herschel - Argos tracking"
17136248394,true,2009-10-07 15:45:27.000,-139.0754,69.60589,,0.09,-129.0,4.016774809E8,212.0,300,"11",69.60589,63.94265,"3",-139.0754,-109.07584,6,0,1,97.0,310.0,"NL",675.0,66.0,18,4,220,2009-10-07 15:44:56.000,"1","argos-doppler-shift","Vulpes lagopus","83762","RBRB","Arctic fox Herschel - Argos tracking"
17136265307,true,2009-10-09 13:42:46.000,-139.13509,69.61217,,0.15,-131.0,4.016775359E8,1343.0,282,"11",69.61217,73.8792,"1",-139.13509,-162.16581,8,0,3,102.0,496.0,"NP",6142.0,293.0,-9,4,992,2009-10-09 13:45:53.000,"1","argos-doppler-shift","Vulpes lagopus","83762","RBRB","Arctic fox Herschel - Argos tracking"
17136261195,true,2009-10-11 13:54:56.000,-139.09719,69.58749,,0.15,-128.0,4.016775074E8,342.0,201,"11",69.58749,62.4116,"2",-139.09719,-97.84319,11,0,3,90.0,744.0,"NK",1370.0,85.0,0,3,320,2009-10-11 13:57:00.000,"1","argos-doppler-shift","Vulpes lagopus","83762","RBRB","Arctic fox Herschel - Argos tracking"
17136263104,true,2009-10-13 14:48:25.000,-139.08725,69.62252,,0.144,-127.0,4.016774966E8,352.0,239,"11",69.62252,66.05342,"2",-139.08725,-118.66541,12,0,3,95.0,744.0,"NK",2175.0,56.0,2,3,340,2009-10-13 14:52:34.000,"1","argos-doppler-shift","Vulpes lagopus","83762","RBRB","Arctic fox Herschel - Argos tracking"
17136247799,true,2009-10-15 13:58:04.000,-139.11009,69.60894,,0.146,-126.0,4.016774749E8,387.0,250,"11",69.60894,62.73036,"2",-139.11009,-99.86249,8,0,3,96.0,434.0,"NK",1343.0,111.0,17,4,208,2009-10-15 14:01:41.000,"1","argos-doppler-shift","Vulpes lagopus","83762","RBRB","Arctic fox Herschel - Argos tracking"
17136255310,true,2009-10-17 13:52:39.000,-139.1412,69.61043,,0.143,-123.0,4.016774936E8,798.0,234,"11",69.61043,74.59373,"1",-139.1412,-165.50885,10,0,3,102.0,558.0,"NN",2919.0,218.0,3,3,276,2009-10-17 13:49:03.000,"1","argos-doppler-shift","Vulpes lagopus","83762","RBRB","Arctic fox Herschel - Argos tracking"
17136251116,true,2009-10-19 14:03:16.000,-139.06494,69.58512,,0.053,-129.0,4.016775198E8,472.0,206,"11",69.58512,63.00563,"2",-139.06494,-101.30295,10,0,3,91.0,620.0,"NK",1858.0,119.0,-2,3,248,2009-10-19 14:03:16.000,"1","argos-doppler-shift","Vulpes lagopus","83762","RBRB","Arctic fox Herschel - Argos tracking"
17136264165,true,2009-10-21 13:13:57.000,-139.03362,69.61169,,0.063,-126.0,4.016775367E8,389.0,262,"11",69.61169,59.81862,"2",-139.03362,-82.24512,10,0,4,95.0,558.0,"NK",1123.0,134.0,-6,3,364,2009-10-21 13:13:27.000,"1","argos-doppler-shift","Vulpes lagopus","83762","RBRB","Arctic fox Herschel - Argos tracking"
17136248724,true,2009-10-23 14:40:31.000,-139.10761,69.57742,,0.1,-132.0,4.016774228E8,245.0,352,"11",69.57742,78.27773,"3",-139.10761,173.71925,6,0,3,79.0,434.0,"NP",588.0,101.0,30,4,224,2009-10-23 14:44:09.000,"1","argos-doppler-shift","Vulpes lagopus","83762","RBRB","Arctic fox Herschel - Argos tracking"
17136257954,true,2009-10-25 16:37:34.000,-139.09223,69.6207,,0.147,-132.0,4.016774133E8,192.0,354,"11",69.6207,74.2332,"3",-139.09223,-164.42637,10,0,3,99.0,620.0,"NK",1070.0,34.0,33,4,292,2009-10-25 16:44:49.000,"1","argos-doppler-shift","Vulpes lagopus","83762","RBRB","Arctic fox Herschel - Argos tracking"
17136262671,true,2009-10-27 15:38:25.000,-139.12604,69.62415,,0.121,-129.0,4.01677511E8,407.0,238,"11",69.62415,82.9528,"2",-139.12604,146.64056,11,0,3,95.0,620.0,"NP",1173.0,141.0,0,3,336,2009-10-27 15:40:30.000,"1","argos-doppler-shift","Vulpes lagopus","83762","RBRB","Arctic fox Herschel - Argos tracking"
17136250566,true,2009-10-29 16:42:15.000,-139.1121,69.63515,,0.0,-127.0,4.016775053E8,203.0,288,"11",69.63515,74.50206,"3",-139.1121,-165.93126,8,0,4,98.0,496.0,"NK",1086.0,38.0,0,3,244,2009-10-29 16:39:10.000,"1","argos-doppler-shift","Vulpes lagopus","83762","RBRB","Arctic fox Herschel - Argos tracking"
17136254494,true,2009-10-31 16:24:27.000,-139.09235,69.63046,,0.0,-128.0,4.016775099E8,291.0,375,"11",69.63046,86.49085,"2",-139.09235,117.07132,7,0,4,93.0,372.0,"NN",1126.0,75.0,-2,3,272,2009-10-31 16:22:24.000,"1","argos-doppler-shift","Vulpes lagopus","83762","RBRB","Arctic fox Herschel - Argos tracking"
17136262338,true,2009-11-02 16:47:59.000,-139.07411,69.57756,,0.081,-126.0,4.01677541E8,248.0,269,"11",69.57756,74.66206,"3",-139.07411,-167.31743,10,0,4,100.0,620.0,"NK",1188.0,51.0,-9,3,332,2009-11-02 16:43:52.000,"1","argos-doppler-shift","Vulpes lagopus","83762","RBRB","Arctic fox Herschel - Argos tracking"
17136252355,true,2009-11-04 15:15:47.000,-139.09715,69.60312,,0.119,-133.0,4.016774712E8,332.0,246,"11",69.60312,61.50105,"2",-139.09715,-95.76271,9,0,3,93.0,496.0,"NL",1004.0,109.0,20,4,256,2009-11-04 15:16:49.000,"1","argos-doppler-shift","Vulpes lagopus","83762","RBRB","Arctic fox Herschel - Argos tracking"
17136255920,true,2009-11-06 16:50:07.000,-139.12454,69.61252,,0.15,-126.0,4.016774733E8,199.0,377,"11",69.61252,75.13677,"3",-139.12454,-169.62612,9,0,3,99.0,496.0,"NK",1295.0,30.0,15,3,280,2009-11-06 16:51:40.000,"1","argos-doppler-shift","Vulpes lagopus","83762","RBRB","Arctic fox Herschel - Argos tracking"
17136263736,true,2009-11-08 14:23:40.000,-139.03416,69.5827,,0.048,-124.0,4.016775221E8,380.0,209,"11",69.5827,64.44201,"2",-139.03416,-109.74576,11,0,3,92.0,620.0,"NK",1541.0,93.0,-12,3,352,2009-11-08 14:22:38.000,"1","argos-doppler-shift","Vulpes lagopus","83762","RBRB","Arctic fox Herschel - Argos tracking"
17136260933,true,2009-11-10 13:36:25.000,-139.07549,69.61319,,0.096,-126.0,4.016775427E8,179.0,303,"11",69.61319,61.36458,"3",-139.07549,-90.42138,7,0,3,83.0,434.0,"NK",509.0,62.0,-8,3,320,2009-11-10 13:34:52.000,"1","argos-doppler-shift","Vulpes lagopus","83762","RBRB","Arctic fox Herschel - Argos tracking"
17136251434,true,2009-11-12 16:15:20.000,-139.0673,69.61235,,0.097,-132.0,4.016774727E8,233.0,458,"11",69.61235,85.72062,"3",-139.0673,120.46894,7,0,2,92.0,372.0,"NP",1036.0,52.0,15,3,252,2009-11-12 16:18:57.000,"1","argos-doppler-shift","Vulpes lagopus","83762","RBRB","Arctic fox Herschel - Argos tracking"
17136250354,true,2009-11-16 15:33:03.000,-139.09214,69.61757,,0.096,-129.0,4.016774675E8,223.0,438,"11",69.61757,82.78637,"3",-139.09214,146.38928,10,0,4,103.0,558.0,"NP",989.0,50.0,16,4,240,2009-11-16 15:36:10.000,"1","argos-doppler-shift","Vulpes lagopus","83762","RBRB","Arctic fox Herschel - Argos tracking"
17136260604,true,2009-11-18 15:14:45.000,-139.07075,69.6054,,0.09,-128.0,4.016774818E8,169.0,238,"11",69.6054,81.03895,"3",-139.07075,158.19488,10,0,2,92.0,558.0,"NP",434.0,65.0,10,3,316,2009-11-18 15:19:24.000,"1","argos-doppler-shift","Vulpes lagopus","83762","RBRB","Arctic fox Herschel - Argos tracking"
17136259087,true,2009-11-20 14:53:51.000,-139.09597,69.61618,,0.133,-129.0,4.016774788E8,218.0,229,"11",69.61618,79.48835,"3",-139.09597,167.49899,10,0,3,95.0,558.0,"NP",616.0,77.0,7,3,304,2009-11-20 14:58:31.000,"1","argos-doppler-shift","Vulpes lagopus","83762","RBRB","Arctic fox Herschel - Argos tracking"
17136252061,true,2009-11-22 15:02:56.000,-139.05293,69.58078,,0.05,-130.0,4.016775286E8,234.0,529,"11",69.58078,60.57219,"3",-139.05293,-90.63454,9,0,4,100.0,496.0,"NL",1302.0,42.0,-4,3,256,2009-11-22 15:08:38.000,"1","argos-doppler-shift","Vulpes lagopus","83762","RBRB","Arctic fox Herschel - Argos tracking"
17136262359,true,2009-11-24 16:21:46.000,-139.10611,69.61176,,0.131,-126.0,4.016774772E8,186.0,248,"11",69.61176,65.93559,"3",-139.10611,-119.99783,10,0,4,93.0,620.0,"NL",1037.0,33.0,9,3,332,2009-11-24 16:21:47.000,"1","argos-doppler-shift","Vulpes lagopus","83762","RBRB","Arctic fox Herschel - Argos tracking"
17136256335,true,2009-11-26 16:49:58.000,-139.049,69.59821,,0.067,-129.0,4.016774794E8,196.0,365,"11",69.59821,88.08342,"3",-139.049,73.77299,8,0,3,102.0,434.0,"NN",624.0,61.0,12,3,284,2009-11-26 16:53:36.000,"1","argos-doppler-shift","Vulpes lagopus","83762","RBRB","Arctic fox Herschel - Argos tracking"
17136258239,true,2009-11-28 14:44:43.000,-139.07022,69.61701,,0.101,-128.0,4.016774736E8,406.0,210,"11",69.61701,65.89482,"2",-139.07022,-117.92714,12,0,3,93.0,682.0,"NK",2464.0,66.0,15,3,296,2009-11-28 14:47:19.000,"1","argos-doppler-shift","Vulpes lagopus","83762","RBRB","Arctic fox Herschel - Argos tracking"
17136263043,true,2009-11-30 14:52:15.000,-139.13736,69.61836,,0.144,-130.0,4.01677476E8,204.0,218,"11",69.61836,79.29615,"3",-139.13736,168.43511,11,0,4,96.0,620.0,"NP",519.0,80.0,11,3,340,2009-11-30 14:49:09.000,"1","argos-doppler-shift","Vulpes lagopus","83762","RBRB","Arctic fox Herschel - Argos tracking"
17136263952,true,2009-12-02 14:29:17.000,-139.13147,69.61595,,0.144,-127.0,4.016775161E8,239.0,398,"11",69.61595,77.90762,"3",-139.13147,176.09266,12,0,3,103.0,682.0,"NP",1346.0,42.0,-1,3,356,2009-12-02 14:32:23.000,"1","argos-doppler-shift","Vulpes lagopus","83762","RBRB","Arctic fox Herschel - Argos tracking"
17136247296,true,2009-12-04 15:51:13.000,-139.07916,69.62348,,0.088,-132.0,4.016775104E8,1489.0,302,"11",69.62348,83.89195,"1",-139.07916,138.56643,8,0,2,87.0,434.0,"NP",4482.0,494.0,-12,3,176,2009-12-04 15:51:44.000,"1","argos-doppler-shift","Vulpes lagopus","83762","RBRB","Arctic fox Herschel - Argos tracking"
17136259805,true,2009-12-06 15:05:31.000,-139.09908,69.59402,,0.112,-129.0,4.0167754E8,424.0,224,"11",69.59402,80.29266,"2",-139.09908,164.70801,11,0,3,96.0,682.0,"NN",1166.0,154.0,-11,3,308,2009-12-06 15:06:02.000,"1","argos-doppler-shift","Vulpes lagopus","83762","RBRB","Arctic fox Herschel - Argos tracking"
17136262029,true,2009-12-08 15:16:08.000,-139.05325,69.56137,,0.062,-127.0,4.016775298E8,196.0,216,"11",69.56137,61.10418,"3",-139.05325,-93.77431,11,0,4,91.0,620.0,"NL",628.0,61.0,-6,3,328,2009-12-08 15:19:14.000,"1","argos-doppler-shift","Vulpes lagopus","83762","RBRB","Arctic fox Herschel - Argos tracking"
17136254404,true,2009-12-10 14:52:08.000,-139.06364,69.59525,,0.069,-128.0,4.016774138E8,263.0,243,"11",69.59525,59.47371,"2",-139.06364,-84.2792,11,0,4,92.0,620.0,"NL",741.0,93.0,30,4,268,2009-12-10 14:54:12.000,"1","argos-doppler-shift","Vulpes lagopus","83762","RBRB","Arctic fox Herschel - Argos tracking"
17136251170,true,2009-12-12 16:11:27.000,-139.08857,69.60769,,0.12,-134.0,4.016773938E8,296.0,401,"11",69.60769,65.07226,"2",-139.08857,-114.57417,5,0,3,87.0,248.0,"NL",1947.0,45.0,34,4,248,2009-12-12 16:13:32.000,"1","argos-doppler-shift","Vulpes lagopus","83762","RBRB","Arctic fox Herschel - Argos tracking"
17136253372,true,2009-12-14 17:00:51.000,-139.10325,69.62437,,0.128,-134.0,4.016775333E8,228.0,490,"11",69.62437,88.33674,"3",-139.10325,44.61609,5,0,4,96.0,372.0,"NN",830.0,62.0,-8,3,264,2009-12-14 17:03:57.000,"1","argos-doppler-shift","Vulpes lagopus","83762","RBRB","Arctic fox Herschel - Argos tracking"
17136259180,true,2009-12-16 15:01:17.000,-139.04655,69.59633,,0.061,-128.0,4.016773101E8,984.0,225,"11",69.59633,79.82039,"1",-139.04655,167.32839,11,0,3,99.0,682.0,"NN",2519.0,384.0,-20,3,304,2009-12-16 14:58:43.000,"1","argos-doppler-shift","Vulpes lagopus","83762","RBRB","Arctic fox Herschel - Argos tracking"
17136253135,true,2009-12-18 13:22:23.000,-139.09091,69.58769,,0.128,-127.0,4.016774744E8,229.0,288,"11",69.58769,60.4594,"3",-139.09091,-86.60157,9,0,4,97.0,496.0,"NK",822.0,63.0,12,4,260,2009-12-18 13:20:20.000,"1","argos-doppler-shift","Vulpes lagopus","83762","RBRB","Arctic fox Herschel - Argos tracking"
17136261665,true,2009-12-20 14:19:01.000,-139.04176,69.58909,,0.045,-126.0,4.016774781E8,276.0,412,"11",69.58909,64.24228,"2",-139.04176,-107.42411,11,0,3,89.0,620.0,"NK",2645.0,28.0,6,3,324,2009-12-20 14:19:02.000,"1","argos-doppler-shift","Vulpes lagopus","83762","RBRB","Arctic fox Herschel - Argos tracking"
17136249172,true,2009-12-22 15:08:25.000,-139.0727,69.62412,,0.067,-126.0,4.016774718E8,223.0,381,"11",69.62412,67.63099,"3",-139.0727,-127.86346,8,0,3,98.0,496.0,"NK",2217.0,22.0,15,4,228,2009-12-22 15:11:31.000,"1","argos-doppler-shift","Vulpes lagopus","83762","RBRB","Arctic fox Herschel - Argos tracking"
17136256755,true,2009-12-24 16:56:41.000,-139.0733,69.61865,,0.118,-131.0,4.016774319E8,208.0,376,"11",69.61865,88.22393,"3",-139.0733,67.53681,8,0,3,90.0,434.0,"NN",790.0,54.0,27,4,284,2009-12-24 16:59:48.000,"1","argos-doppler-shift","Vulpes lagopus","83762","RBRB","Arctic fox Herschel - Argos tracking"
17136258562,true,2009-12-26 15:04:22.000,-139.06138,69.60547,,0.089,-133.0,4.01677474E8,243.0,246,"11",69.60547,60.16502,"3",-139.06138,-87.99528,10,0,3,91.0,558.0,"NL",670.0,88.0,8,3,300,2009-12-26 14:59:43.000,"1","argos-doppler-shift","Vulpes lagopus","83762","RBRB","Arctic fox Herschel - Argos tracking"
17136258218,true,2009-12-28 16:22:42.000,-139.11719,69.61184,,0.152,-126.0,4.016774384E8,820.0,225,"11",69.61184,65.61937,"1",-139.11719,-118.02205,12,0,3,94.0,682.0,"NL",4565.0,147.0,-17,3,296,2009-12-28 16:19:05.000,"1","argos-doppler-shift","Vulpes lagopus","83762","RBRB","Arctic fox Herschel - Argos tracking"
17136255639,true,2009-12-30 14:43:48.000,-139.07772,69.59355,,0.097,-129.0,4.016774594E8,192.0,256,"11",69.59355,78.98842,"3",-139.07772,170.34822,9,0,3,97.0,496.0,"NP",713.0,51.0,17,4,276,2009-12-30 14:40:42.000,"1","argos-doppler-shift","Vulpes lagopus","83762","RBRB","Arctic fox Herschel - Argos tracking"
17136249035,true,2010-01-01 15:37:19.000,-138.93293,69.57543,,0.1,-136.0,4.016774683E8,0.0,2379,"11",69.57543,62.16037,"B",-138.93293,-98.64195,2,0,2,20.0,124.0,"NL",0.0,0.0,17,4,228,2010-01-01 15:38:21.000,"1","argos-doppler-shift","Vulpes lagopus","83762","RBRB","Arctic fox Herschel - Argos tracking"
17136248042,true,2010-01-03 16:51:28.000,-139.13007,69.62451,,0.118,-131.0,4.016774139E8,319.0,287,"11",69.62451,88.03727,"2",-139.13007,83.70728,9,0,3,89.0,496.0,"NN",990.0,102.0,30,4,212,2010-01-03 16:55:37.000,"1","argos-doppler-shift","Vulpes lagopus","83762","RBRB","Arctic fox Herschel - Argos tracking"
17136262019,true,2010-01-05 16:12:30.000,-139.10377,69.62743,,0.109,-129.0,4.016774685E8,182.0,292,"11",69.62743,72.25762,"3",-139.10377,-153.67821,10,0,3,102.0,558.0,"NK",1205.0,27.0,14,3,328,2010-01-05 16:09:56.000,"1","argos-doppler-shift","Vulpes lagopus","83762","RBRB","Arctic fox Herschel - Argos tracking"
17136262731,true,2010-01-07 13:41:26.000,-139.10477,69.59163,,0.093,-130.0,4.01677481E8,218.0,394,"11",69.59163,61.91961,"3",-139.10477,-95.24839,12,0,3,95.0,682.0,"NK",1621.0,29.0,8,3,336,2010-01-07 13:47:07.000,"1","argos-doppler-shift","Vulpes lagopus","83762","RBRB","Arctic fox Herschel - Argos tracking"
17136249528,true,2010-01-09 14:36:30.000,-139.07876,69.62298,,0.074,-131.0,4.01677466E8,354.0,213,"11",69.62298,65.44048,"2",-139.07876,-115.36409,11,0,3,93.0,620.0,"NK",1697.0,73.0,15,4,232,2010-01-09 14:40:39.000,"1","argos-doppler-shift","Vulpes lagopus","83762","RBRB","Arctic fox Herschel - Argos tracking"
17136255891,true,2010-01-11 14:21:19.000,-139.07607,69.60419,,0.138,-129.0,4.016775234E8,245.0,361,"11",69.60419,77.2754,"3",-139.07607,179.61554,9,0,3,96.0,496.0,"NP",1218.0,49.0,-5,3,280,2010-01-11 14:27:00.000,"1","argos-doppler-shift","Vulpes lagopus","83762","RBRB","Arctic fox Herschel - Argos tracking"
17136254847,true,2010-01-13 14:40:13.000,-139.09127,69.5785,,0.089,-130.0,4.01677468E8,206.0,245,"11",69.5785,65.71,"3",-139.09127,-117.21132,7,0,4,95.0,372.0,"NK",923.0,46.0,18,4,272,2010-01-13 14:39:11.000,"1","argos-doppler-shift","Vulpes lagopus","83762","RBRB","Arctic fox Herschel - Argos tracking"
17136258437,true,2010-01-15 17:01:35.000,-139.06095,69.60514,,0.088,-131.0,4.016772359E8,1318.0,316,"11",69.60514,88.13544,"1",-139.06095,42.08607,8,0,4,89.0,496.0,"NP",4504.0,385.0,-20,3,300,2010-01-15 17:04:41.000,"1","argos-doppler-shift","Vulpes lagopus","83762","RBRB","Arctic fox Herschel - Argos tracking"
17136257277,true,2010-01-17 16:02:59.000,-139.06148,69.59191,,0.076,-131.0,4.01677457E8,185.0,262,"11",69.59191,84.77556,"3",-139.06148,135.81888,10,0,4,96.0,558.0,"NN",570.0,59.0,21,4,288,2010-01-17 16:07:39.000,"1","argos-doppler-shift","Vulpes lagopus","83762","RBRB","Arctic fox Herschel - Argos tracking"
17136265214,true,2010-01-19 14:39:05.000,-139.10456,69.6309,,0.0,-129.0,4.016774808E8,210.0,441,"11",69.6309,78.73746,"3",-139.10456,171.65292,9,0,3,99.0,558.0,"NP",1044.0,42.0,5,3,428,2010-01-19 14:36:30.000,"1","argos-doppler-shift","Vulpes lagopus","83762","RBRB","Arctic fox Herschel - Argos tracking"
17136262340,true,2010-01-21 16:28:55.000,-139.0799,69.60909,,0.092,-130.0,4.016775294E8,389.0,295,"11",69.60909,73.44633,"2",-139.0799,-160.48383,10,0,3,99.0,620.0,"NK",1784.0,84.0,-6,3,332,2010-01-21 16:32:02.000,"1","argos-doppler-shift","Vulpes lagopus","83762","RBRB","Arctic fox Herschel - Argos tracking"
17136252710,true,2010-01-23 15:38:04.000,-139.03866,69.61321,,0.064,-129.0,4.016775336E8,208.0,410,"11",69.61321,83.33134,"3",-139.03866,142.8503,9,0,4,100.0,496.0,"NP",898.0,48.0,-7,3,260,2010-01-23 15:38:05.000,"1","argos-doppler-shift","Vulpes lagopus","83762","RBRB","Arctic fox Herschel - Argos tracking"
17136256776,true,2010-01-25 13:37:59.000,-139.1179,69.62234,,0.135,-133.0,4.016774625E8,185.0,289,"11",69.62234,73.9499,"3",-139.1179,-162.16095,8,0,2,102.0,496.0,"NP",813.0,42.0,15,4,284,2010-01-25 13:36:58.000,"1","argos-doppler-shift","Vulpes lagopus","83762","RBRB","Arctic fox Herschel - Argos tracking"
17136262868,true,2010-01-27 15:58:49.000,-139.06264,69.62969,,0.0,-129.0,4.01677494E8,480.0,299,"11",69.62969,84.23053,"2",-139.06264,139.51541,8,0,3,88.0,434.0,"NN",1493.0,154.0,-15,3,340,2010-01-27 15:58:19.000,"1","argos-doppler-shift","Vulpes lagopus","83762","RBRB","Arctic fox Herschel - Argos tracking"
17136260703,true,2010-01-29 16:36:51.000,-139.11064,69.58223,,0.127,-129.0,4.016773643E8,1267.0,220,"11",69.58223,74.03889,"1",-139.11064,-163.71622,12,0,3,102.0,682.0,"NK",5595.0,286.0,-20,3,316,2010-01-29 16:40:29.000,"1","argos-doppler-shift","Vulpes lagopus","83762","RBRB","Arctic fox Herschel - Argos tracking"
17136263437,true,2010-01-31 14:17:39.000,-139.07174,69.60821,,0.093,-126.0,4.01677505E8,492.0,235,"11",69.60821,76.87818,"2",-139.07174,-178.16392,9,0,3,97.0,496.0,"NP",1470.0,164.0,-13,3,348,2010-01-31 14:16:37.000,"1","argos-doppler-shift","Vulpes lagopus","83762","RBRB","Arctic fox Herschel - Argos tracking"
17136258781,true,2010-02-02 13:56:45.000,-139.05738,69.60933,,0.0,-132.0,4.016774831E8,448.0,375,"11",69.60933,75.37779,"2",-139.05738,-170.15586,8,0,4,93.0,496.0,"NP",1941.0,103.0,24,4,300,2010-02-02 13:57:48.000,"1","argos-doppler-shift","Vulpes lagopus","83762","RBRB","Arctic fox Herschel - Argos tracking"
17136250338,true,2010-02-04 15:34:41.000,-139.08495,69.6193,,0.136,-129.0,4.016774276E8,222.0,237,"11",69.6193,61.83741,"3",-139.08495,-97.20582,9,0,3,89.0,496.0,"NL",671.0,73.0,27,4,240,2010-02-04 15:36:46.000,"1","argos-doppler-shift","Vulpes lagopus","83762","RBRB","Arctic fox Herschel - Argos tracking"
17136254534,true,2010-02-06 15:53:05.000,-139.08096,69.6087,,0.119,-131.0,4.016775261E8,241.0,547,"11",69.6087,83.79841,"3",-139.08096,141.72832,7,0,4,89.0,434.0,"NN",1191.0,48.0,-8,3,272,2010-02-06 15:53:05.000,"1","argos-doppler-shift","Vulpes lagopus","83762","RBRB","Arctic fox Herschel - Argos tracking"
17136262993,true,2010-02-08 14:33:49.000,-139.06193,69.58715,,0.118,-128.0,4.016774766E8,993.0,287,"11",69.58715,78.40148,"1",-139.06193,173.72677,9,0,4,97.0,620.0,"NP",4317.0,228.0,-14,3,340,2010-02-08 14:31:15.000,"1","argos-doppler-shift","Vulpes lagopus","83762","RBRB","Arctic fox Herschel - Argos tracking"
17136262419,true,2010-02-10 16:04:01.000,-139.12597,69.63213,,0.0,-128.0,4.016774528E8,666.0,192,"11",69.63213,63.78986,"1",-139.12597,-108.32509,13,0,4,93.0,744.0,"NL",3068.0,144.0,-17,3,332,2010-02-10 16:04:02.000,"1","argos-doppler-shift","Vulpes lagopus","83762","RBRB","Arctic fox Herschel - Argos tracking"
17136262701,true,2010-02-12 13:54:08.000,-139.09752,69.60727,,0.123,-128.0,4.016774595E8,268.0,221,"11",69.60727,75.16053,"2",-139.09752,-168.7178,12,0,3,102.0,682.0,"NP",1050.0,68.0,-16,3,336,2010-02-12 13:54:39.000,"1","argos-doppler-shift","Vulpes lagopus","83762","RBRB","Arctic fox Herschel - Argos tracking"
17136261576,true,2010-02-14 14:28:01.000,-139.12928,69.62971,,0.0,-131.0,4.016774853E8,190.0,368,"11",69.62971,77.23542,"3",-139.12928,-178.89674,9,0,4,95.0,558.0,"NN",759.0,47.0,1,3,324,2010-02-14 14:28:32.000,"1","argos-doppler-shift","Vulpes lagopus","83762","RBRB","Arctic fox Herschel - Argos tracking"
17136262639,true,2010-02-16 14:54:39.000,-139.05001,69.60619,,0.083,-128.0,4.01677465E8,215.0,235,"11",69.60619,79.67301,"3",-139.05001,166.16894,10,0,3,94.0,558.0,"NP",507.0,91.0,11,3,336,2010-02-16 14:51:03.000,"1","argos-doppler-shift","Vulpes lagopus","83762","RBRB","Arctic fox Herschel - Argos tracking"
17136254537,true,2010-02-18 16:09:52.000,-139.04994,69.5832,,0.054,-127.0,4.016775214E8,224.0,237,"11",69.5832,64.17754,"3",-139.04994,-110.50935,8,0,3,94.0,434.0,"NL",859.0,58.0,-4,3,272,2010-02-18 16:10:24.000,"1","argos-doppler-shift","Vulpes lagopus","83762","RBRB","Arctic fox Herschel - Argos tracking"
17136259732,true,2010-02-20 16:45:19.000,-139.03469,69.59694,,0.055,-128.0,4.016775293E8,194.0,296,"11",69.59694,87.63522,"3",-139.03469,98.13746,8,0,3,91.0,620.0,"NN",595.0,63.0,-8,3,308,2010-02-20 16:50:29.000,"1","argos-doppler-shift","Vulpes lagopus","83762","RBRB","Arctic fox Herschel - Argos tracking"
17136250030,true,2010-02-22 17:01:08.000,-139.08612,69.6052,,0.113,-129.0,4.016775274E8,266.0,232,"11",69.6052,75.85468,"2",-139.08612,-173.91508,8,0,3,98.0,434.0,"NK",729.0,96.0,-6,3,240,2010-02-22 17:04:45.000,"1","argos-doppler-shift","Vulpes lagopus","83762","RBRB","Arctic fox Herschel - Argos tracking"
17136254103,true,2010-02-24 16:40:16.000,-139.14952,69.59385,,0.15,-132.0,4.016774473E8,347.0,308,"11",69.59385,66.19995,"2",-139.14952,-121.21565,10,0,2,99.0,682.0,"NL",2141.0,56.0,19,3,268,2010-02-24 16:43:53.000,"1","argos-doppler-shift","Vulpes lagopus","83762","RBRB","Arctic fox Herschel - Argos tracking"
17136257308,true,2010-02-26 14:51:01.000,-139.09767,69.6415,,0.0,-131.0,4.016774463E8,198.0,309,"11",69.6415,79.61946,"3",-139.09767,166.82543,10,0,3,93.0,620.0,"NP",731.0,53.0,22,4,288,2010-02-26 14:58:16.000,"1","argos-doppler-shift","Vulpes lagopus","83762","RBRB","Arctic fox Herschel - Argos tracking"
17136255154,true,2010-02-28 16:10:54.000,-139.03756,69.60574,,0.083,-133.0,4.016774725E8,194.0,320,"11",69.60574,85.66954,"3",-139.03756,122.58122,8,0,3,89.0,434.0,"NP",652.0,57.0,4,3,276,2010-02-28 16:07:17.000,"1","argos-doppler-shift","Vulpes lagopus","83762","RBRB","Arctic fox Herschel - Argos tracking"
17136254473,true,2010-03-02 14:58:53.000,-139.09251,69.63236,,0.0,-131.0,4.016775176E8,312.0,618,"11",69.63236,79.68295,"2",-139.09251,167.63364,6,0,3,101.0,310.0,"NN",2009.0,48.0,-4,3,272,2010-03-02 15:00:57.000,"1","argos-doppler-shift","Vulpes lagopus","83762","RBRB","Arctic fox Herschel - Argos tracking"
17136256535,true,2010-03-04 15:30:42.000,-139.0943,69.61237,,0.121,-127.0,4.016775297E8,198.0,387,"11",69.61237,82.42142,"3",-139.0943,149.68051,5,0,3,90.0,620.0,"NP",683.0,57.0,-9,3,284,2010-03-04 15:25:33.000,"1","argos-doppler-shift","Vulpes lagopus","83762","RBRB","Arctic fox Herschel - Argos tracking"
17136253435,true,2010-03-06 16:49:01.000,-139.06267,69.60407,,0.089,-133.0,4.016774582E8,214.0,296,"11",69.60407,87.99473,"3",-139.06267,66.31071,9,0,3,92.0,496.0,"NP",675.0,67.0,16,3,264,2010-03-06 16:44:54.000,"1","argos-doppler-shift","Vulpes lagopus","83762","RBRB","Arctic fox Herschel - Argos tracking"
17136249407,true,2010-03-08 15:58:41.000,-139.05949,69.58709,,0.085,-134.0,4.016774538E8,202.0,398,"11",69.58709,63.21758,"3",-139.05949,-104.63429,4,0,3,95.0,310.0,"NL",505.0,80.0,21,4,232,2010-03-08 16:01:17.000,"1","argos-doppler-shift","Vulpes lagopus","83762","RBRB","Arctic fox Herschel - Argos tracking"
17136260545,true,2010-03-10 15:34:11.000,-138.91299,69.64761,,0.0,-129.0,4.016774175E8,1226.0,307,"11",69.64761,61.55636,"1",-138.91299,-95.37445,10,0,3,94.0,558.0,"NL",3069.0,489.0,-17,3,316,2010-03-10 15:33:09.000,"1","argos-doppler-shift","Vulpes lagopus","83762","RBRB","Arctic fox Herschel - Argos tracking"
17136253994,true,2010-03-12 14:49:32.000,-139.04639,69.5973,,0.064,-124.0,4.016775277E8,191.0,268,"11",69.5973,66.38951,"3",-139.04639,-120.75405,10,0,3,93.0,558.0,"NK",1346.0,26.0,-6,3,268,2010-03-12 14:46:26.000,"1","argos-doppler-shift","Vulpes lagopus","83762","RBRB","Arctic fox Herschel - Argos tracking"
17136250685,true,2010-03-14 15:41:30.000,-139.12045,69.58325,,0.136,-133.0,4.016774586E8,727.0,2016,"11",69.58325,70.05255,"1",-139.12045,-141.77866,4,0,2,101.0,186.0,"NK",19277.0,27.0,18,4,244,2010-03-14 15:43:03.000,"1","argos-doppler-shift","Vulpes lagopus","83762","RBRB","Arctic fox Herschel - Argos tracking"
17136250328,true,2010-03-16 14:11:53.000,-139.03353,69.53196,,0.0,-130.0,4.016774471E8,1104.0,239,"11",69.53196,75.77838,"1",-139.03353,-171.68664,9,0,3,99.0,496.0,"NN",4009.0,304.0,17,4,240,2010-03-16 14:13:57.000,"1","argos-doppler-shift","Vulpes lagopus","83762","RBRB","Arctic fox Herschel - Argos tracking"
17136252302,true,2010-03-18 15:40:00.000,-139.09773,69.58771,,0.149,-129.0,4.016774581E8,203.0,264,"11",69.58771,61.76325,"3",-139.09773,-97.18223,8,0,3,94.0,434.0,"NL",579.0,71.0,18,4,256,2010-03-18 15:42:36.000,"1","argos-doppler-shift","Vulpes lagopus","83762","RBRB","Arctic fox Herschel - Argos tracking"
17136253696,true,2010-03-20 16:37:08.000,-139.09777,69.58249,,0.125,-129.0,4.016774477E8,195.0,366,"11",69.58249,74.10921,"3",-139.09777,-164.40868,8,0,2,102.0,558.0,"NK",563.0,67.0,23,4,264,2010-03-20 16:36:06.000,"1","argos-doppler-shift","Vulpes lagopus","83762","RBRB","Arctic fox Herschel - Argos tracking"
17136253109,true,2010-03-22 16:34:19.000,-139.10333,69.58007,,0.115,-134.0,4.016774316E8,207.0,417,"11",69.58007,65.5979,"3",-139.10333,-117.93642,7,0,3,89.0,434.0,"NL",650.0,66.0,26,4,260,2010-03-22 16:40:01.000,"1","argos-doppler-shift","Vulpes lagopus","83762","RBRB","Arctic fox Herschel - Argos tracking"
17136254920,true,2010-03-24 16:08:47.000,-139.12146,69.59612,,0.148,-131.0,4.016774573E8,204.0,407,"11",69.59612,84.64841,"3",-139.12146,136.74717,5,0,3,96.0,496.0,"NN",599.0,69.0,18,4,272,2010-03-24 16:04:40.000,"1","argos-doppler-shift","Vulpes lagopus","83762","RBRB","Arctic fox Herschel - Argos tracking"
17136256599,true,2010-03-26 14:13:21.000,-139.09932,69.5857,,0.106,-128.0,4.016774418E8,1106.0,203,"11",69.5857,63.87673,"1",-139.09932,-106.29028,12,0,4,89.0,682.0,"NK",4595.0,266.0,-16,3,284,2010-03-26 14:12:50.000,"1","argos-doppler-shift","Vulpes lagopus","83762","RBRB","Arctic fox Herschel - Argos tracking"
17136254879,true,2010-03-28 15:06:52.000,-139.08739,69.59199,,0.106,-126.0,4.016774528E8,211.0,439,"11",69.59199,67.54279,"3",-139.08739,-127.28169,7,0,2,96.0,434.0,"NK",2185.0,20.0,19,4,272,2010-03-28 15:09:27.000,"1","argos-doppler-shift","Vulpes lagopus","83762","RBRB","Arctic fox Herschel - Argos tracking"
17136251806,true,2010-03-30 16:38:05.000,-139.06683,69.60929,,0.092,-128.0,4.0167742E8,355.0,277,"11",69.60929,65.89718,"2",-139.06683,-119.75789,9,0,3,98.0,496.0,"NL",2363.0,53.0,27,4,252,2010-03-30 16:40:09.000,"1","argos-doppler-shift","Vulpes lagopus","83762","RBRB","Arctic fox Herschel - Argos tracking"
17136255679,true,2010-03-31 14:54:29.000,-139.0881,69.64129,,0.0,-134.0,4.016773756E8,249.0,361,"11",69.64129,79.04209,"3",-139.0881,172.60903,6,0,3,83.0,496.0,"NN",454.0,136.0,34,4,276,2010-03-31 14:57:36.000,"1","argos-doppler-shift","Vulpes lagopus","83762","RBRB","Arctic fox Herschel - Argos tracking"
17136252412,true,2010-04-02 14:44:56.000,-139.03381,69.66554,,0.0,-126.0,4.016774652E8,247.0,230,"11",69.66554,66.14638,"3",-139.03381,-119.09238,10,0,2,94.0,558.0,"NK",1389.0,43.0,12,4,256,2010-04-02 14:47:01.000,"1","argos-doppler-shift","Vulpes lagopus","83762","RBRB","Arctic fox Herschel - Argos tracking"
17136257887,true,2010-04-04 16:51:18.000,-139.22843,69.57671,,0.019,-129.0,4.016773816E8,433.0,341,"11",69.57671,88.00293,"2",-139.22843,55.97476,8,0,3,97.0,434.0,"NP",1448.0,129.0,34,4,292,2010-04-04 16:54:55.000,"1","argos-doppler-shift","Vulpes lagopus","83762","RBRB","Arctic fox Herschel - Argos tracking"
17136252095,true,2010-04-06 16:28:52.000,-139.15633,69.56769,,0.077,-125.0,4.01677458E8,178.0,258,"11",69.56769,73.51152,"3",-139.15633,-161.00538,8,0,3,101.0,496.0,"NK",823.0,38.0,12,3,256,2010-04-06 16:28:52.000,"1","argos-doppler-shift","Vulpes lagopus","83762","RBRB","Arctic fox Herschel - Argos tracking"
17136255859,true,2010-04-08 16:48:16.000,-139.14648,69.63195,,0.0,-130.0,4.016774462E8,343.0,432,"11",69.63195,87.76433,"2",-139.14648,90.23108,7,0,4,102.0,372.0,"NN",1232.0,95.0,21,3,280,2010-04-08 16:49:19.000,"1","argos-doppler-shift","Vulpes lagopus","83762","RBRB","Arctic fox Herschel - Argos tracking"
17136252672,true,2010-04-10 16:11:22.000,-139.1628,69.62754,,0.0,-129.0,4.01677457E8,174.0,246,"11",69.62754,63.71496,"3",-139.1628,-107.17232,8,0,3,87.0,434.0,"NL",774.0,38.0,15,3,260,2010-04-10 16:13:57.000,"1","argos-doppler-shift","Vulpes lagopus","83762","RBRB","Arctic fox Herschel - Argos tracking"
17136256203,true,2010-04-12 15:28:14.000,-139.16947,69.61414,,0.0,-129.0,4.016774088E8,200.0,396,"11",69.61414,82.81768,"3",-139.16947,147.33486,8,0,3,102.0,682.0,"NP",761.0,52.0,29,4,280,2010-04-12 15:35:29.000,"1","argos-doppler-shift","Vulpes lagopus","83762","RBRB","Arctic fox Herschel - Argos tracking"
17136258799,true,2010-04-14 16:36:12.000,-139.11107,69.55486,,0.055,-127.0,4.016774535E8,438.0,334,"11",69.55486,74.15728,"2",-139.11107,-164.61637,9,0,3,94.0,558.0,"NK",1832.0,104.0,22,4,300,2010-04-14 16:38:16.000,"1","argos-doppler-shift","Vulpes lagopus","83762","RBRB","Arctic fox Herschel - Argos tracking"
17136259936,true,2010-04-16 16:29:45.000,-139.15989,69.61052,,0.109,-132.0,4.016774047E8,204.0,302,"11",69.61052,86.94792,"3",-139.15989,104.03455,8,0,3,86.0,496.0,"NP",555.0,74.0,29,4,308,2010-04-16 16:33:54.000,"1","argos-doppler-shift","Vulpes lagopus","83762","RBRB","Arctic fox Herschel - Argos tracking"
17136256405,true,2010-04-18 16:39:50.000,-139.13242,69.63292,,0.0,-124.0,4.016774599E8,186.0,232,"11",69.63292,74.46488,"3",-139.13242,-165.70195,9,0,3,100.0,496.0,"NK",763.0,45.0,10,3,284,2010-04-18 16:43:59.000,"1","argos-doppler-shift","Vulpes lagopus","83762","RBRB","Arctic fox Herschel - Argos tracking"
17136259990,true,2010-04-20 14:13:54.000,-139.09764,69.58279,,0.117,-127.0,4.016774111E8,338.0,200,"11",69.58279,63.91252,"2",-139.09764,-106.35483,12,0,3,89.0,682.0,"NK",1551.0,73.0,29,4,308,2010-04-20 14:18:02.000,"1","argos-doppler-shift","Vulpes lagopus","83762","RBRB","Arctic fox Herschel - Argos tracking"
17136259261,true,2010-04-22 16:44:00.000,-139.07436,69.60904,,0.092,-127.0,4.016773977E8,178.0,285,"11",69.60904,74.78711,"3",-139.07436,-167.69426,6,0,3,95.0,310.0,"NK",702.0,45.0,31,4,304,2010-04-22 16:46:35.000,"1","argos-doppler-shift","Vulpes lagopus","83762","RBRB","Arctic fox Herschel - Argos tracking"
17136257967,true,2010-04-24 13:25:20.000,-139.12416,69.60939,,0.14,-127.0,4.016774045E8,1334.0,275,"11",69.60939,73.26277,"1",-139.12416,-158.62929,12,0,3,101.0,682.0,"NP",7939.0,224.0,30,4,292,2010-04-24 13:31:02.000,"1","argos-doppler-shift","Vulpes lagopus","83762","RBRB","Arctic fox Herschel - Argos tracking"
17136257909,true,2010-04-26 14:46:12.000,-139.06582,69.60058,,0.105,-129.0,4.01677391E8,213.0,454,"11",69.60058,79.38289,"3",-139.06582,167.65679,6,0,3,91.0,496.0,"NP",1017.0,44.0,31,4,292,2010-04-26 14:48:17.000,"1","argos-doppler-shift","Vulpes lagopus","83762","RBRB","Arctic fox Herschel - Argos tracking"
17136264325,true,2010-04-28 16:44:47.000,-139.18759,69.57237,,0.059,-134.0,4.016774421E8,290.0,642,"11",69.57237,57.47525,"2",-139.18759,-64.44816,5,0,4,80.0,372.0,"NM",497.0,168.0,28,4,368,2010-04-28 16:41:42.000,"1","argos-doppler-shift","Vulpes lagopus","83762","RBRB","Arctic fox Herschel - Argos tracking"
17136256775,true,2010-04-30 15:14:38.000,-139.10908,69.58152,,0.122,-125.0,4.016774527E8,226.0,470,"11",69.58152,68.09745,"3",-139.10908,-130.61873,9,0,3,96.0,496.0,"NK",3234.0,15.0,14,4,284,2010-04-30 15:18:47.000,"1","argos-doppler-shift","Vulpes lagopus","83762","RBRB","Arctic fox Herschel - Argos tracking"
17136258269,true,2010-05-02 15:55:13.000,-139.07622,69.61224,,0.094,-134.0,4.016774099E8,243.0,489,"11",69.61224,83.86356,"3",-139.07622,142.09415,6,0,3,96.0,372.0,"NN",1030.0,57.0,29,4,296,2010-05-02 15:58:50.000,"1","argos-doppler-shift","Vulpes lagopus","83762","RBRB","Arctic fox Herschel - Argos tracking"
17136256102,true,2010-05-04 16:43:32.000,-139.06981,69.60975,,0.094,-135.0,4.016773843E8,189.0,338,"11",69.60975,87.86485,"3",-139.06981,72.26398,8,0,4,96.0,434.0,"NP",644.0,55.0,32,4,280,2010-05-04 16:46:08.000,"1","argos-doppler-shift","Vulpes lagopus","83762","RBRB","Arctic fox Herschel - Argos tracking"
17136249447,true,2010-05-06 16:22:07.000,-139.10093,69.5809,,0.106,-131.0,4.016773718E8,225.0,484,"11",69.5809,86.76442,"3",-139.10093,103.7271,6,0,4,104.0,372.0,"NP",734.0,68.0,34,4,232,2010-05-06 16:23:10.000,"1","argos-doppler-shift","Vulpes lagopus","83762","RBRB","Arctic fox Herschel - Argos tracking"
17136254881,true,2010-05-08 14:55:35.000,-139.04764,69.60062,,0.076,-130.0,4.016774479E8,221.0,382,"11",69.60062,78.60955,"3",-139.04764,171.87429,6,0,2,109.0,434.0,"NN",426.0,114.0,20,4,272,2010-05-08 14:59:13.000,"1","argos-doppler-shift","Vulpes lagopus","83762","RBRB","Arctic fox Herschel - Argos tracking"
17136249877,true,2010-05-10 16:56:15.000,-139.1032,69.58047,,0.105,-128.0,4.016773769E8,204.0,309,"11",69.58047,66.6916,"3",-139.1032,-124.06898,8,0,1,98.0,434.0,"NL",1433.0,29.0,33,4,236,2010-05-10 16:57:48.000,"1","argos-doppler-shift","Vulpes lagopus","83762","RBRB","Arctic fox Herschel - Argos tracking"
17136253031,true,2010-05-12 13:45:21.000,-139.10521,69.58128,,0.113,-131.0,4.016774482E8,230.0,331,"11",69.58128,62.17832,"3",-139.10521,-95.31335,7,0,3,81.0,372.0,"NK",1007.0,52.0,17,4,260,2010-05-12 13:48:28.000,"1","argos-doppler-shift","Vulpes lagopus","83762","RBRB","Arctic fox Herschel - Argos tracking"
17136253970,true,2010-05-14 16:41:18.000,-139.0348,69.58599,,0.049,-130.0,4.016774555E8,235.0,330,"11",69.58599,87.75623,"3",-139.0348,78.35632,9,0,4,93.0,496.0,"NP",812.0,67.0,12,3,268,2010-05-14 16:41:49.000,"1","argos-doppler-shift","Vulpes lagopus","83762","RBRB","Arctic fox Herschel - Argos tracking"
17136259310,true,2010-05-16 13:26:16.000,-139.09167,69.58106,,0.101,-133.0,4.016774061E8,342.0,886,"11",69.58106,72.27842,"2",-139.09167,-153.32191,6,0,3,101.0,496.0,"NN",4944.0,23.0,29,4,304,2010-05-16 13:31:26.000,"1","argos-doppler-shift","Vulpes lagopus","83762","RBRB","Arctic fox Herschel - Argos tracking"
17136263027,true,2010-05-18 16:20:39.000,-139.05863,69.58713,,0.084,-128.0,4.016774651E8,246.0,278,"11",69.58713,72.95889,"3",-139.05863,-157.75392,9,0,3,104.0,620.0,"NK",986.0,61.0,3,3,340,2010-05-18 16:21:42.000,"1","argos-doppler-shift","Vulpes lagopus","83762","RBRB","Arctic fox Herschel - Argos tracking"
17136265282,true,2010-05-20 15:40:06.000,-139.1048,69.59126,,0.158,-134.0,4.016773846E8,254.0,595,"11",69.59126,83.54193,"2",-139.1048,140.88984,5,0,3,87.0,434.0,"NP",1139.0,56.0,31,4,764,2010-05-20 15:42:11.000,"1","argos-doppler-shift","Vulpes lagopus","83762","RBRB","Arctic fox Herschel - Argos tracking"
17136256706,true,2010-05-22 16:18:06.000,-139.10144,69.57839,,0.092,-130.0,4.016774461E8,219.0,400,"11",69.57839,63.76853,"3",-139.10144,-107.11398,7,0,3,88.0,372.0,"NL",1921.0,24.0,18,4,284,2010-05-22 16:15:00.000,"1","argos-doppler-shift","Vulpes lagopus","83762","RBRB","Arctic fox Herschel - Argos tracking"
17136259954,true,2010-05-24 15:49:57.000,-139.07102,69.59701,,0.091,-126.0,4.016774408E8,285.0,695,"11",69.59701,61.93602,"2",-139.07102,-98.11272,10,0,3,99.0,558.0,"NL",2297.0,35.0,20,4,308,2010-05-24 15:54:05.000,"1","argos-doppler-shift","Vulpes lagopus","83762","RBRB","Arctic fox Herschel - Argos tracking"
17136250582,true,2010-05-26 16:18:07.000,-139.09706,69.61163,,0.129,-132.0,4.016774496E8,221.0,470,"11",69.61163,86.39646,"3",-139.09706,112.07263,8,0,4,93.0,496.0,"NP",990.0,49.0,13,3,244,2010-05-26 16:23:49.000,"1","argos-doppler-shift","Vulpes lagopus","83762","RBRB","Arctic fox Herschel - Argos tracking"
17136265016,true,2010-05-28 13:58:53.000,-139.0617,69.58426,,0.081,-125.0,4.016774511E8,382.0,212,"11",69.58426,62.99154,"2",-139.0617,-101.66807,10,0,3,92.0,621.0,"NK",1617.0,90.0,8,2,412,2010-05-28 14:03:02.000,"1","argos-doppler-shift","Vulpes lagopus","83762","RBRB","Arctic fox Herschel - Argos tracking"
17136263942,true,2010-05-30 16:31:34.000,-139.03871,69.58624,,0.051,-129.0,4.0167745E8,332.0,228,"11",69.58624,73.84729,"2",-139.03871,-162.6033,10,0,4,102.0,620.0,"NK",1402.0,78.0,10,3,356,2010-05-30 16:33:39.000,"1","argos-doppler-shift","Vulpes lagopus","83762","RBRB","Arctic fox Herschel - Argos tracking"
17136263549,true,2010-06-01 14:03:33.000,-139.15508,69.62743,,0.056,-126.0,4.016774544E8,464.0,193,"11",69.62743,63.29791,"2",-139.15508,-103.0626,11,0,3,91.0,620.0,"NK",1783.0,120.0,8,3,348,2010-06-01 13:59:26.000,"1","argos-doppler-shift","Vulpes lagopus","83762","RBRB","Arctic fox Herschel - Argos tracking"
17136253274,true,2010-06-02 17:00:00.000,-139.10913,69.62047,,0.138,-127.0,4.016773796E8,341.0,218,"11",69.62047,75.90852,"2",-139.10913,-173.98279,10,0,2,99.0,558.0,"NK",1010.0,115.0,31,4,260,2010-06-02 17:00:01.000,"1","argos-doppler-shift","Vulpes lagopus","83762","RBRB","Arctic fox Herschel - Argos tracking"
17136260134,true,2010-06-03 13:35:40.000,-138.93106,69.54902,,0.043,-125.0,4.01677463E8,777.0,1860,"11",69.54902,73.00289,"1",-138.93106,-157.23302,9,0,1,105.0,558.0,"NN",16380.0,36.0,3,3,312,2010-06-03 13:35:09.000,"1","argos-doppler-shift","Vulpes lagopus","83762","RBRB","Arctic fox Herschel - Argos tracking"
17136258422,true,2010-06-04 16:11:26.000,-139.03725,69.59687,,0.073,-126.0,4.016774549E8,380.0,327,"11",69.59687,72.41942,"2",-139.03725,-154.67858,8,0,3,99.0,434.0,"NK",2091.0,69.0,6,3,300,2010-06-04 16:14:02.000,"1","argos-doppler-shift","Vulpes lagopus","83762","RBRB","Arctic fox Herschel - Argos tracking"
17136257450,true,2010-06-05 14:37:09.000,-139.06345,69.59706,,0.07,-127.0,4.016774512E8,395.0,358,"11",69.59706,78.47592,"2",-139.06345,172.5158,5,0,2,97.0,434.0,"NP",930.0,167.0,10,3,292,2010-06-05 14:38:43.000,"1","argos-doppler-shift","Vulpes lagopus","83762","RBRB","Arctic fox Herschel - Argos tracking"
17136257381,true,2010-06-06 14:28:38.000,-139.06728,69.58512,,0.093,-131.0,4.016774348E8,382.0,741,"11",69.58512,77.69697,"2",-139.06728,175.34853,6,0,2,116.0,310.0,"NP",1989.0,73.0,17,3,292,2010-06-06 14:30:11.000,"1","argos-doppler-shift","Vulpes lagopus","83762","RBRB","Arctic fox Herschel - Argos tracking"
17136255541,true,2010-06-07 14:37:09.000,-139.04262,69.60346,,0.086,-128.0,4.016774086E8,188.0,310,"11",69.60346,77.21471,"3",-139.04262,-179.91378,7,0,3,107.0,372.0,"NN",358.0,98.0,29,4,276,2010-06-07 14:40:16.000,"1","argos-doppler-shift","Vulpes lagopus","83762","RBRB","Arctic fox Herschel - Argos tracking"
17136263728,true,2010-06-08 16:16:06.000,-139.11301,69.61883,,0.143,-125.0,4.016774495E8,215.0,398,"11",69.61883,72.67854,"3",-139.11301,-156.2273,8,0,4,103.0,558.0,"NK",936.0,49.0,11,3,352,2010-06-08 16:11:59.000,"1","argos-doppler-shift","Vulpes lagopus","83762","RBRB","Arctic fox Herschel - Argos tracking"
17136262014,true,2010-06-09 13:53:46.000,-139.12544,69.59932,,0.161,-127.0,4.016774491E8,180.0,263,"11",69.59932,75.45811,"3",-139.12544,-170.34445,9,0,3,101.0,558.0,"NP",809.0,39.0,12,3,328,2010-06-09 13:49:07.000,"1","argos-doppler-shift","Vulpes lagopus","83762","RBRB","Arctic fox Herschel - Argos tracking"
17136262150,true,2010-06-10 17:06:44.000,-139.0778,69.57441,,0.062,-125.0,4.016774378E8,244.0,547,"11",69.57441,76.5933,"3",-139.0778,-178.0719,6,0,4,93.0,310.0,"NK",1531.0,38.0,20,3,332,2010-06-10 17:09:19.000,"1","argos-doppler-shift","Vulpes lagopus","83762","RBRB","Arctic fox Herschel - Argos tracking"
17136264140,true,2010-06-11 16:42:42.000,-139.06596,69.59123,,0.086,-126.0,4.016774098E8,239.0,534,"11",69.59123,74.81953,"3",-139.06596,-167.99945,7,0,3,95.0,372.0,"NK",1709.0,33.0,27,3,364,2010-06-11 16:46:20.000,"1","argos-doppler-shift","Vulpes lagopus","83762","RBRB","Arctic fox Herschel - Argos tracking"
17136263913,true,2010-06-12 14:39:29.000,-139.14786,69.61099,,0.127,-127.0,4.016774474E8,276.0,225,"11",69.61099,65.7878,"2",-139.14786,-117.53014,9,0,4,93.0,558.0,"NK",1604.0,47.0,12,3,356,2010-06-12 14:35:52.000,"1","argos-doppler-shift","Vulpes lagopus","83762","RBRB","Arctic fox Herschel - Argos tracking"
17136261998,true,2010-06-13 14:15:27.000,-139.14495,69.60002,,0.151,-126.0,4.016774645E8,366.0,198,"11",69.60002,64.1171,"2",-139.14495,-107.91152,10,0,4,91.0,558.0,"NK",1497.0,89.0,1,3,328,2010-06-13 14:10:49.000,"1","argos-doppler-shift","Vulpes lagopus","83762","RBRB","Arctic fox Herschel - Argos tracking"
17136262675,true,2010-06-14 13:21:59.000,-139.03261,69.58169,,0.042,-124.0,4.01677458E8,809.0,398,"11",69.58169,71.55966,"1",-139.03261,-149.53599,10,0,3,102.0,620.0,"NN",7568.0,86.0,3,3,336,2010-06-14 13:27:09.000,"1","argos-doppler-shift","Vulpes lagopus","83762","RBRB","Arctic fox Herschel - Argos tracking"
17136257372,true,2010-06-15 14:34:35.000,-139.07889,69.59383,,0.099,-128.0,4.016774595E8,216.0,463,"11",69.59383,78.30412,"3",-139.07889,172.82391,5,0,3,78.0,310.0,"NP",276.0,168.0,4,3,292,2010-06-15 14:35:06.000,"1","argos-doppler-shift","Vulpes lagopus","83762","RBRB","Arctic fox Herschel - Argos tracking"
17136262038,true,2010-06-16 16:21:16.000,-139.15476,69.62782,,0.0,-128.0,4.016774575E8,459.0,211,"11",69.62782,63.65169,"2",-139.15476,-107.4369,10,0,3,93.0,620.0,"NL",1904.0,110.0,4,3,328,2010-06-16 16:22:19.000,"1","argos-doppler-shift","Vulpes lagopus","83762","RBRB","Arctic fox Herschel - Argos tracking"
17136263464,true,2010-06-17 14:30:27.000,-139.15535,69.61053,,0.111,-130.0,4.016774519E8,253.0,255,"11",69.61053,76.72942,"2",-139.15535,-176.74575,8,0,3,102.0,496.0,"NN",645.0,99.0,6,3,348,2010-06-17 14:31:29.000,"1","argos-doppler-shift","Vulpes lagopus","83762","RBRB","Arctic fox Herschel - Argos tracking"
17136263911,true,2010-06-18 13:54:32.000,-139.07232,69.6186,,0.105,-128.0,4.016774446E8,483.0,248,"11",69.6186,62.73309,"2",-139.07232,-99.76229,8,0,4,96.0,558.0,"NK",1914.0,122.0,11,3,356,2010-06-18 13:51:58.000,"1","argos-doppler-shift","Vulpes lagopus","83762","RBRB","Arctic fox Herschel - Argos tracking"
17136265269,true,2010-06-19 14:08:14.000,-139.04698,69.58472,,0.051,-126.0,4.01677452E8,418.0,227,"11",69.58472,75.1332,"2",-139.04698,-168.13427,10,0,4,102.0,620.0,"NN",1468.0,119.0,6,3,724,2010-06-19 14:09:17.000,"1","argos-doppler-shift","Vulpes lagopus","83762","RBRB","Arctic fox Herschel - Argos tracking"
17136258430,true,2010-06-20 16:26:58.000,-139.06334,69.59644,,0.077,-133.0,4.016774447E8,188.0,333,"11",69.59644,73.55777,"3",-139.06334,-161.02307,6,0,3,97.0,434.0,"NK",990.0,35.0,16,3,300,2010-06-20 16:27:29.000,"1","argos-doppler-shift","Vulpes lagopus","83762","RBRB","Arctic fox Herschel - Argos tracking"
17136261129,true,2010-06-21 14:23:13.000,-139.09854,69.61743,,0.141,-126.0,4.01677449E8,214.0,217,"11",69.61743,64.67193,"3",-139.09854,-111.09076,9,0,4,93.0,620.0,"NK",782.0,58.0,8,3,320,2010-06-21 14:19:06.000,"1","argos-doppler-shift","Vulpes lagopus","83762","RBRB","Arctic fox Herschel - Argos tracking"
17136255115,true,2010-06-22 13:19:56.000,-139.11142,69.60919,,0.149,-128.0,4.016774525E8,202.0,413,"11",69.60919,72.95595,"3",-139.11142,-157.04081,6,0,3,99.0,372.0,"NP",1609.0,25.0,5,3,276,2010-06-22 13:22:01.000,"1","argos-doppler-shift","Vulpes lagopus","83762","RBRB","Arctic fox Herschel - Argos tracking"
17136263909,true,2010-06-23 14:51:08.000,-139.10065,69.5935,,0.122,-128.0,4.016774449E8,384.0,252,"11",69.5935,79.74928,"2",-139.10065,165.93325,9,0,3,93.0,558.0,"NP",1201.0,122.0,9,3,356,2010-06-23 14:48:33.000,"1","argos-doppler-shift","Vulpes lagopus","83762","RBRB","Arctic fox Herschel - Argos tracking"
17136261501,true,2010-06-24 16:32:39.000,-139.061,69.58952,,0.083,-126.0,4.016774426E8,464.0,244,"11",69.58952,73.79733,"2",-139.061,-162.66298,9,0,4,104.0,496.0,"NK",1802.0,119.0,17,3,324,2010-06-24 16:36:48.000,"1","argos-doppler-shift","Vulpes lagopus","83762","RBRB","Arctic fox Herschel - Argos tracking"
17136264080,true,2010-06-25 14:27:22.000,-139.0535,69.58845,,0.078,-124.0,4.016774463E8,314.0,209,"11",69.58845,64.96674,"2",-139.0535,-112.75289,11,0,3,92.0,620.0,"NK",1402.0,70.0,14,3,360,2010-06-25 14:22:12.000,"1","argos-doppler-shift","Vulpes lagopus","83762","RBRB","Arctic fox Herschel - Argos tracking"
17136264172,true,2010-06-26 14:19:21.000,-139.02191,69.60013,,0.047,-130.0,4.016774469E8,349.0,360,"11",69.60013,77.5147,"2",-139.02191,178.45486,10,0,3,95.0,558.0,"NP",1666.0,73.0,10,3,364,2010-06-26 14:22:59.000,"1","argos-doppler-shift","Vulpes lagopus","83762","RBRB","Arctic fox Herschel - Argos tracking"
17136251443,true,2010-06-27 16:03:59.000,-139.1021,69.59849,,0.12,-136.0,4.016774013E8,427.0,394,"11",69.59849,84.09664,"2",-139.1021,140.38395,5,0,3,92.0,372.0,"NN",1474.0,123.0,27,3,252,2010-06-27 16:05:01.000,"1","argos-doppler-shift","Vulpes lagopus","83762","RBRB","Arctic fox Herschel - Argos tracking"
17136260751,true,2010-06-28 14:13:40.000,-139.07105,69.60406,,0.089,-127.0,4.016774451E8,409.0,215,"11",69.60406,75.44658,"2",-139.07105,-169.6541,12,0,2,102.0,682.0,"NN",1432.0,116.0,12,3,316,2010-06-28 14:14:12.000,"1","argos-doppler-shift","Vulpes lagopus","83762","RBRB","Arctic fox Herschel - Argos tracking"
17136252734,true,2010-06-29 14:01:32.000,-139.05759,69.59923,,0.08,-131.0,4.016774462E8,269.0,304,"11",69.59923,74.73412,"2",-139.05759,-165.88762,8,0,3,99.0,496.0,"NN",1391.0,51.0,13,3,260,2010-06-29 14:06:42.000,"1","argos-doppler-shift","Vulpes lagopus","83762","RBRB","Arctic fox Herschel - Argos tracking"
17136264412,true,2010-06-30 13:51:27.000,-139.06469,69.57806,,0.07,-125.0,4.016774416E8,568.0,249,"11",69.57806,73.84401,"1",-139.06469,-161.38129,10,0,3,101.0,558.0,"NN",2648.0,121.0,12,3,372,2010-06-30 13:55:05.000,"1","argos-doppler-shift","Vulpes lagopus","83762","RBRB","Arctic fox Herschel - Argos tracking"
17136262360,true,2010-07-01 13:43:58.000,-139.13941,69.6216,,0.119,-128.0,4.016774469E8,319.0,275,"11",69.6216,62.11086,"2",-139.13941,-94.96726,10,0,1,82.0,620.0,"NK",1180.0,86.0,10,3,332,2010-07-01 13:43:27.000,"1","argos-doppler-shift","Vulpes lagopus","83762","RBRB","Arctic fox Herschel - Argos tracking"
17136265065,true,2010-07-02 16:51:15.000,-139.06457,69.61297,,0.093,-129.0,4.016774404E8,217.0,395,"11",69.61297,87.52688,"3",-139.06457,98.81571,6,0,3,87.0,372.0,"NN",720.0,65.0,19,1,416,2010-07-02 16:54:22.000,"1","argos-doppler-shift","Vulpes lagopus","83762","RBRB","Arctic fox Herschel - Argos tracking"
17136263519,true,2010-07-03 14:48:33.000,-139.09661,69.61067,,0.121,-128.0,4.016774419E8,434.0,232,"11",69.61067,79.57723,"2",-139.09661,167.05492,10,0,3,94.0,558.0,"NP",1139.0,165.0,13,3,348,2010-07-03 14:47:00.000,"1","argos-doppler-shift","Vulpes lagopus","83762","RBRB","Arctic fox Herschel - Argos tracking"
17136261676,true,2010-07-04 14:10:34.000,-139.11437,69.60393,,0.154,-126.0,4.016774405E8,450.0,234,"11",69.60393,63.78834,"2",-139.11437,-106.11119,8,0,3,90.0,620.0,"NK",2284.0,88.0,11,3,324,2010-07-04 14:07:28.000,"1","argos-doppler-shift","Vulpes lagopus","83762","RBRB","Arctic fox Herschel - Argos tracking"
17136263481,true,2010-07-05 14:27:52.000,-139.07356,69.61487,,0.1,-129.0,4.016774414E8,261.0,238,"11",69.61487,78.00843,"2",-139.07356,175.75554,9,0,3,95.0,496.0,"NP",726.0,93.0,17,3,348,2010-07-05 14:29:57.000,"1","argos-doppler-shift","Vulpes lagopus","83762","RBRB","Arctic fox Herschel - Argos tracking"
17136250076,true,2010-07-06 14:29:41.000,-139.10436,69.60195,,0.138,-116.0,4.016774416E8,344.0,248,"11",69.60195,76.5747,"2",-139.10436,-175.98395,8,1,3,101.0,496.0,"NN",953.0,124.0,10,3,240,2010-07-06 14:32:47.000,"1","argos-doppler-shift","Vulpes lagopus","83762","RBRB","Arctic fox Herschel - Argos tracking"
17136260520,true,2010-07-07 14:17:01.000,-139.00572,69.60778,,0.061,-126.0,4.016774467E8,190.0,305,"11",69.60778,75.90696,"3",-139.00572,-171.91179,7,0,3,97.0,496.0,"NN",773.0,46.0,9,3,316,2010-07-07 14:20:08.000,"1","argos-doppler-shift","Vulpes lagopus","83762","RBRB","Arctic fox Herschel - Argos tracking"
17136265232,true,2010-07-08 14:07:28.000,-138.96159,69.58003,,0.018,-133.0,4.016774174E8,1539.0,358,"11",69.58003,75.02273,"0",-138.96159,-167.39109,5,0,2,104.0,372.0,"NN",5139.0,460.0,25,2,440,2010-07-08 14:10:34.000,"1","argos-doppler-shift","Vulpes lagopus","83762","RBRB","Arctic fox Herschel - Argos tracking"
17136265218,true,2010-07-09 13:46:32.000,-139.09229,69.62152,,0.147,-134.0,4.016774375E8,270.0,389,"11",69.62152,74.91538,"2",-139.09229,-167.24273,4,0,3,91.0,372.0,"NP",613.0,118.0,20,4,428,2010-07-09 13:43:27.000,"1","argos-doppler-shift","Vulpes lagopus","83762","RBRB","Arctic fox Herschel - Argos tracking"
17136265069,true,2010-07-10 13:27:41.000,-139.09487,69.60149,,0.11,-134.0,4.016774313E8,0.0,2617,"11",69.60149,61.25305,"A",-139.09487,-88.78687,3,0,2,77.0,124.0,"NK",0.0,0.0,21,3,416,2010-07-10 13:28:43.000,"1","argos-doppler-shift","Vulpes lagopus","83762","RBRB","Arctic fox Herschel - Argos tracking"
17136265000,true,2010-07-11 16:22:34.000,-139.04461,69.59512,,0.059,-136.0,4.01677435E8,517.0,321,"11",69.59512,73.26384,"1",-139.04461,-159.29068,5,0,4,96.0,310.0,"NK",1658.0,161.0,22,3,408,2010-07-11 16:21:02.000,"1","argos-doppler-shift","Vulpes lagopus","83762","RBRB","Arctic fox Herschel - Argos tracking"
17136260397,true,2010-07-12 13:23:02.000,-139.077,69.60788,,0.091,-133.0,4.016774451E8,240.0,557,"11",69.60788,71.82829,"3",-139.077,-150.73369,7,0,3,101.0,372.0,"NN",2948.0,19.0,13,3,316,2010-07-12 13:19:56.000,"1","argos-doppler-shift","Vulpes lagopus","83762","RBRB","Arctic fox Herschel - Argos tracking"
17136265129,true,2010-07-13 13:14:30.000,-139.02271,69.58626,,0.041,-136.0,4.016774361E8,990.0,1002,"11",69.58626,70.93199,"1",-139.02271,-146.18957,4,0,3,101.0,372.0,"NN",17421.0,56.0,17,3,420,2010-07-13 13:17:37.000,"1","argos-doppler-shift","Vulpes lagopus","83762","RBRB","Arctic fox Herschel - Argos tracking"
17136265104,true,2010-07-14 13:29:14.000,-139.07333,69.59752,,0.092,-134.0,4.016774449E8,351.0,914,"11",69.59752,61.21691,"2",-139.07333,-90.68427,4,0,3,106.0,186.0,"NK",1734.0,71.0,13,3,420,2010-07-14 13:28:43.000,"1","argos-doppler-shift","Vulpes lagopus","83762","RBRB","Arctic fox Herschel - Argos tracking"
17136265211,true,2010-07-15 14:24:15.000,-139.10129,69.6043,,0.092,-132.0,4.016773792E8,977.0,455,"11",69.6043,77.89765,"1",-139.10129,176.16526,6,0,3,94.0,310.0,"NP",5232.0,182.0,30,3,428,2010-07-15 14:21:10.000,"1","argos-doppler-shift","Vulpes lagopus","83762","RBRB","Arctic fox Herschel - Argos tracking"
17136265142,true,2010-07-16 15:27:02.000,-139.08919,69.61098,,0.123,-136.0,4.016773412E8,273.0,384,"11",69.61098,59.71343,"2",-139.08919,-84.60175,7,0,1,84.0,372.0,"NL",551.0,135.0,39,3,420,2010-07-16 15:30:08.000,"1","argos-doppler-shift","Vulpes lagopus","83762","RBRB","Arctic fox Herschel - Argos tracking"
17136264890,true,2010-07-17 14:12:22.000,-139.07407,69.6084,,0.092,-133.0,4.01677429E8,225.0,350,"11",69.6084,75.34018,"3",-139.07407,-169.37783,5,0,3,92.0,248.0,"NN",642.0,78.0,23,3,400,2010-07-17 14:14:26.000,"1","argos-doppler-shift","Vulpes lagopus","83762","RBRB","Arctic fox Herschel - Argos tracking"
17136264952,true,2010-07-18 16:52:47.000,-139.0741,69.60767,,0.092,-134.0,4.016774277E8,362.0,934,"11",69.60767,75.72109,"2",-139.0741,-172.94598,4,0,2,103.0,186.0,"NK",3857.0,33.0,22,3,404,2010-07-18 16:53:19.000,"1","argos-doppler-shift","Vulpes lagopus","83762","RBRB","Arctic fox Herschel - Argos tracking"
17136264909,true,2010-07-19 16:31:52.000,-139.15417,69.63943,,0.109,-132.0,4.016774115E8,842.0,715,"11",69.63943,73.79557,"1",-139.15417,-162.81146,6,0,3,113.0,372.0,"NK",4681.0,151.0,26,3,400,2010-07-19 16:36:31.000,"1","argos-doppler-shift","Vulpes lagopus","83762","RBRB","Arctic fox Herschel - Argos tracking"
17136264711,true,2010-07-20 16:05:46.000,-139.09792,69.62172,,0.145,-131.0,4.016774402E8,216.0,438,"11",69.62172,72.08054,"3",-139.09792,-152.61833,5,0,4,101.0,310.0,"NK",1408.0,33.0,11,3,388,2010-07-20 16:06:18.000,"1","argos-doppler-shift","Vulpes lagopus","83762","RBRB","Arctic fox Herschel - Argos tracking"
17136265202,true,2010-07-21 13:22:14.000,-139.11216,69.63193,,0.0,-134.0,4.016774268E8,302.0,667,"11",69.63193,73.21669,"2",-139.11216,-158.41131,4,0,3,97.0,186.0,"NP",2803.0,32.0,23,3,428,2010-07-21 13:23:48.000,"1","argos-doppler-shift","Vulpes lagopus","83762","RBRB","Arctic fox Herschel - Argos tracking"
17136265153,true,2010-07-22 13:18:53.000,-139.04167,69.61095,,0.062,-136.0,4.016774228E8,2432.0,820,"11",69.61095,71.25995,"0",-139.04167,-147.77151,5,0,3,102.0,496.0,"NN",33397.0,177.0,23,3,420,2010-07-22 13:19:24.000,"1","argos-doppler-shift","Vulpes lagopus","83762","RBRB","Arctic fox Herschel - Argos tracking"
17136265177,true,2010-07-23 14:42:19.000,-139.07043,69.61735,,0.102,-134.0,4.01677408E8,276.0,673,"11",69.61735,79.28183,"2",-139.07043,168.28432,4,0,3,91.0,186.0,"NP",1672.0,45.0,27,3,424,2010-07-23 14:43:53.000,"1","argos-doppler-shift","Vulpes lagopus","83762","RBRB","Arctic fox Herschel - Argos tracking"
17136265037,true,2010-07-24 14:31:43.000,-139.12931,69.60994,,0.155,-137.0,4.016774383E8,248.0,577,"11",69.60994,78.43692,"3",-139.12931,173.20227,4,0,3,93.0,310.0,"NP",1903.0,32.0,9,3,412,2010-07-24 14:30:11.000,"1","argos-doppler-shift","Vulpes lagopus","83762","RBRB","Arctic fox Herschel - Argos tracking"
17136264966,true,2010-07-25 15:21:35.000,-139.06602,69.6071,,0.091,-136.0,4.016774242E8,1273.0,530,"11",69.6071,59.36133,"1",-139.06602,-81.47068,4,0,4,81.0,372.0,"NL",2758.0,587.0,23,3,404,2010-07-25 15:21:35.000,"1","argos-doppler-shift","Vulpes lagopus","83762","RBRB","Arctic fox Herschel - Argos tracking"
17136264784,true,2010-07-26 17:01:02.000,-139.10966,69.61184,,0.142,-134.0,4.016774244E8,410.0,657,"11",69.61184,76.27134,"2",-139.10966,-175.97073,4,0,3,97.0,186.0,"NK",3253.0,51.0,21,3,392,2010-07-26 16:59:30.000,"1","argos-doppler-shift","Vulpes lagopus","83762","RBRB","Arctic fox Herschel - Argos tracking"
17136264929,true,2010-07-27 14:57:48.000,-139.0452,69.59727,,0.142,-134.0,4.016774244E8,0.0,1510,"11",69.59727,67.22072,"B",-139.0452,-125.55994,2,0,2,53.0,62.0,"NK",0.0,0.0,19,3,404,2010-07-27 14:58:20.000,"1","argos-doppler-shift","Vulpes lagopus","83762","RBRB","Arctic fox Herschel - Argos tracking"
17136264659,true,2010-07-28 13:56:35.000,-139.09618,69.6051,,0.12,-129.0,4.016774231E8,191.0,375,"11",69.6051,73.99954,"3",-139.09618,-162.4603,5,0,3,108.0,310.0,"NN",591.0,61.0,23,3,384,2010-07-28 13:58:08.000,"1","argos-doppler-shift","Vulpes lagopus","83762","RBRB","Arctic fox Herschel - Argos tracking"
17136264650,true,2010-07-29 16:13:14.000,-139.1181,69.6156,,0.146,-132.0,4.016774437E8,967.0,504,"11",69.6156,62.77693,"1",-139.1181,-102.73621,4,0,4,101.0,248.0,"NL",4298.0,217.0,11,3,384,2010-07-29 16:15:19.000,"1","argos-doppler-shift","Vulpes lagopus","83762","RBRB","Arctic fox Herschel - Argos tracking"
17136264337,true,2010-07-30 16:01:06.000,-139.21487,69.63069,,0.146,-136.0,4.016774437E8,0.0,1802,"11",69.63069,61.91151,"B",-139.21487,-97.59287,2,0,2,53.0,62.0,"NL",0.0,0.0,13,3,372,2010-07-30 16:00:35.000,"1","argos-doppler-shift","Vulpes lagopus","83762","RBRB","Arctic fox Herschel - Argos tracking"
17136264701,true,2010-07-31 16:41:08.000,-139.14749,69.62279,,0.092,-137.0,4.016774102E8,1770.0,571,"11",69.62279,74.74985,"0",-139.14749,-167.45732,4,0,4,96.0,186.0,"NK",13504.0,232.0,26,3,388,2010-07-31 16:39:35.000,"1","argos-doppler-shift","Vulpes lagopus","83762","RBRB","Arctic fox Herschel - Argos tracking"
17136265087,true,2010-08-01 13:13:10.000,-139.09915,69.6095,,0.124,-134.0,4.016773714E8,1803.0,776,"11",69.6095,70.7965,"0",-139.09915,-145.44225,5,0,3,100.0,310.0,"NN",20225.0,160.0,31,3,416,2010-08-01 13:13:42.000,"1","argos-doppler-shift","Vulpes lagopus","83762","RBRB","Arctic fox Herschel - Argos tracking"
17136264690,true,2010-08-02 15:27:45.000,-139.30567,69.54073,,0.124,-136.0,4.016773714E8,0.0,1652,"11",69.54073,59.40797,"B",-139.30567,-83.41515,2,0,2,32.0,124.0,"NL",0.0,0.0,25,3,388,2010-08-02 15:28:48.000,"1","argos-doppler-shift","Vulpes lagopus","83762","RBRB","Arctic fox Herschel - Argos tracking"
17136264789,true,2010-08-04 15:06:34.000,-139.25627,69.64322,,0.0,-134.0,4.016774204E8,224.0,491,"11",69.64322,67.72603,"3",-139.25627,-128.32924,5,0,2,96.0,248.0,"NK",1555.0,32.0,28,3,392,2010-08-04 15:04:30.000,"1","argos-doppler-shift","Vulpes lagopus","83762","RBRB","Arctic fox Herschel - Argos tracking"
17136265253,true,2010-08-05 14:43:03.000,-139.1529,69.62572,,0.065,-134.0,4.016774266E8,0.0,395,"11",69.62572,66.08794,"A",-139.1529,-118.75094,3,0,3,93.0,310.0,"NK",0.0,0.0,20,3,496,2010-08-05 14:42:33.000,"1","argos-doppler-shift","Vulpes lagopus","83762","RBRB","Arctic fox Herschel - Argos tracking"
17136264722,true,2010-08-06 14:19:33.000,-139.09676,69.59635,,0.094,-130.0,4.016774344E8,340.0,358,"11",69.59635,64.4961,"2",-139.09676,-109.31089,5,0,3,84.0,372.0,"NK",2028.0,57.0,13,3,388,2010-08-06 14:22:39.000,"1","argos-doppler-shift","Vulpes lagopus","83762","RBRB","Arctic fox Herschel - Argos tracking"
17136255057,true,2010-08-07 13:52:56.000,-139.10376,69.60396,,0.142,-134.0,4.016774149E8,700.0,639,"11",69.60396,62.76916,"1",-139.10376,-99.944,4,0,3,107.0,186.0,"NK",2295.0,213.0,26,3,276,2010-08-07 13:54:30.000,"1","argos-doppler-shift","Vulpes lagopus","83762","RBRB","Arctic fox Herschel - Argos tracking"
17136262165,true,2010-08-08 15:09:39.000,-138.99372,69.59419,,0.052,-131.0,4.016773995E8,1858.0,434,"11",69.59419,68.01169,"0",-138.99372,-130.12468,7,0,2,98.0,372.0,"NK",18394.0,187.0,28,3,332,2010-08-08 15:11:44.000,"1","argos-doppler-shift","Vulpes lagopus","83762","RBRB","Arctic fox Herschel - Argos tracking"
17136260889,true,2010-08-10 16:01:19.000,-139.02763,69.6197,,0.0,-133.0,4.016774326E8,252.0,583,"11",69.6197,71.78818,"2",-139.02763,-151.05251,5,0,4,97.0,186.0,"NK",1982.0,32.0,15,3,320,2010-08-10 16:01:50.000,"1","argos-doppler-shift","Vulpes lagopus","83762","RBRB","Arctic fox Herschel - Argos tracking"
17136264342,true,2010-08-11 16:25:20.000,-139.06923,69.6123,,0.096,-137.0,4.016774164E8,0.0,3830,"11",69.6123,87.03268,"A",-139.06923,93.15056,3,0,2,123.0,124.0,"NP",0.0,0.0,12,3,372,2010-08-11 16:26:23.000,"1","argos-doppler-shift","Vulpes lagopus","83762","RBRB","Arctic fox Herschel - Argos tracking"
17136253792,true,2010-08-12 15:13:16.000,-139.13292,69.61216,,0.15,-134.0,4.01677354E8,375.0,792,"11",69.61216,68.29089,"2",-139.13292,-131.74021,4,0,2,100.0,186.0,"NK",3887.0,36.0,35,3,268,2010-08-12 15:14:49.000,"1","argos-doppler-shift","Vulpes lagopus","83762","RBRB","Arctic fox Herschel - Argos tracking"
17136262124,true,2010-08-13 16:28:57.000,-139.12391,69.60621,,0.156,-137.0,4.016773566E8,0.0,958,"11",69.60621,73.83155,"A",-139.12391,-162.49704,3,0,3,94.0,124.0,"NK",0.0,0.0,34,3,332,2010-08-13 16:30:00.000,"1","argos-doppler-shift","Vulpes lagopus","83762","RBRB","Arctic fox Herschel - Argos tracking"
17136262817,true,2010-08-14 16:05:57.000,-139.06216,69.57819,,0.065,-134.0,4.016774135E8,0.0,667,"11",69.57819,72.01766,"A",-139.06216,-152.76626,3,0,2,103.0,124.0,"NK",0.0,0.0,22,3,340,2010-08-14 16:07:00.000,"1","argos-doppler-shift","Vulpes lagopus","83762","RBRB","Arctic fox Herschel - Argos tracking"
17136264794,true,2010-08-15 14:05:19.000,-139.03632,69.60891,,0.07,-134.0,4.016773856E8,478.0,367,"11",69.60891,76.52645,"2",-139.03632,-176.00712,4,0,3,96.0,310.0,"NP",1589.0,143.0,30,3,392,2010-08-15 14:02:44.000,"1","argos-doppler-shift","Vulpes lagopus","83762","RBRB","Arctic fox Herschel - Argos tracking"
17136264839,true,2010-08-19 14:05:19.000,-139.08662,69.59682,,0.102,-136.0,4.016774151E8,194.0,384,"11",69.59682,63.57221,"3",-139.08662,-104.37152,4,0,3,91.0,248.0,"NK",488.0,77.0,24,3,396,2010-08-19 14:05:19.000,"1","argos-doppler-shift","Vulpes lagopus","83762","RBRB","Arctic fox Herschel - Argos tracking"
17136265041,true,2010-08-21 14:56:13.000,-139.11618,69.59852,,0.148,-132.0,4.016773732E8,201.0,391,"11",69.59852,67.12069,"3",-139.11618,-125.27635,6,0,1,99.0,310.0,"NK",1573.0,25.0,30,3,412,2010-08-21 14:58:48.000,"1","argos-doppler-shift","Vulpes lagopus","83762","RBRB","Arctic fox Herschel - Argos tracking"
17136252520,true,2010-08-23 14:07:24.000,-139.04357,69.60923,,0.073,-134.0,4.016773801E8,0.0,1589,"11",69.60923,63.8835,"A",-139.04357,-106.51923,4,0,2,99.0,186.0,"NK",0.0,0.0,29,3,260,2010-08-23 14:06:53.000,"1","argos-doppler-shift","Vulpes lagopus","83762","RBRB","Arctic fox Herschel - Argos tracking"
17136255825,true,2010-08-25 16:40:05.000,-138.9661,69.54692,,0.147,-133.0,4.016773732E8,0.0,857,"11",69.54692,74.64116,"B",-138.9661,-167.18042,2,0,1,63.0,62.0,"NK",0.0,0.0,34,3,280,2010-08-25 16:39:34.000,"1","argos-doppler-shift","Vulpes lagopus","83762","RBRB","Arctic fox Herschel - Argos tracking"
17136264877,true,2010-08-27 14:13:37.000,-139.07869,69.60424,,0.089,-134.0,4.016774177E8,0.0,981,"11",69.60424,64.20114,"A",-139.07869,-107.58593,3,0,2,77.0,124.0,"NK",0.0,0.0,23,3,400,2010-08-27 14:12:35.000,"1","argos-doppler-shift","Vulpes lagopus","83762","RBRB","Arctic fox Herschel - Argos tracking"
17136259417,true,2010-08-29 16:48:53.000,-139.02816,69.58844,,0.05,-134.0,4.016773671E8,776.0,281,"11",69.58844,64.92233,"1",-139.02816,-114.34934,6,0,3,95.0,310.0,"NL",2777.0,216.0,31,3,308,2010-08-29 16:48:22.000,"1","argos-doppler-shift","Vulpes lagopus","83762","RBRB","Arctic fox Herschel - Argos tracking"
17136262863,true,2010-08-31 15:57:29.000,-139.09956,69.60486,,0.129,-134.0,4.016774313E8,380.0,576,"11",69.60486,71.36476,"2",-139.09956,-148.91401,5,0,3,102.0,372.0,"NK",4109.0,35.0,17,3,340,2010-08-31 16:00:35.000,"1","argos-doppler-shift","Vulpes lagopus","83762","RBRB","Arctic fox Herschel - Argos tracking"
17136264384,true,2010-09-02 16:00:20.000,-139.04915,69.60088,,0.076,-134.0,4.016773635E8,270.0,389,"11",69.60088,61.42488,"2",-139.04915,-95.62422,5,0,4,95.0,372.0,"NL",695.0,104.0,32,3,372,2010-09-02 15:57:14.000,"1","argos-doppler-shift","Vulpes lagopus","83762","RBRB","Arctic fox Herschel - Argos tracking"
17136264904,true,2010-09-04 13:59:42.000,-139.03711,69.61457,,0.063,-131.0,4.016773984E8,389.0,308,"11",69.61457,76.08382,"2",-139.03711,-173.79972,6,0,3,94.0,310.0,"NP",1548.0,97.0,27,3,400,2010-09-04 14:02:17.000,"1","argos-doppler-shift","Vulpes lagopus","83762","RBRB","Arctic fox Herschel - Argos tracking"
17136264589,true,2010-09-06 16:55:07.000,-139.0138,69.62306,,0.0,-136.0,4.016774294E8,0.0,590,"11",69.62306,65.024,"A",-139.0138,-115.70974,3,0,3,84.0,434.0,"NL",0.0,0.0,15,3,380,2010-09-06 16:53:34.000,"1","argos-doppler-shift","Vulpes lagopus","83762","RBRB","Arctic fox Herschel - Argos tracking"
17136264724,true,2010-09-08 16:03:43.000,-139.10757,69.60724,,0.151,-134.0,4.016774144E8,245.0,487,"11",69.60724,71.99114,"3",-139.10757,-152.27373,7,0,3,98.0,372.0,"NK",2138.0,28.0,22,3,388,2010-09-08 16:04:45.000,"1","argos-doppler-shift","Vulpes lagopus","83762","RBRB","Arctic fox Herschel - Argos tracking"
17136264490,true,2010-09-10 15:14:54.000,-139.0275,69.63397,,0.0,-131.0,4.016774206E8,4409.0,1349,"11",69.63397,68.57665,"0",-139.0275,-133.14255,5,0,2,99.0,248.0,"NK",132561.0,146.0,25,3,376,2010-09-10 15:16:58.000,"1","argos-doppler-shift","Vulpes lagopus","83762","RBRB","Arctic fox Herschel - Argos tracking"
17136264570,true,2010-09-12 14:17:49.000,-139.11713,69.61178,,0.147,-133.0,4.016774257E8,241.0,415,"11",69.61178,77.40828,"3",-139.11713,178.81177,4,0,2,88.0,248.0,"NP",688.0,84.0,13,3,380,2010-09-12 14:16:47.000,"1","argos-doppler-shift","Vulpes lagopus","83762","RBRB","Arctic fox Herschel - Argos tracking"
17136264644,true,2010-09-14 13:39:51.000,-139.06699,69.60115,,0.085,-131.0,4.016774417E8,0.0,813,"11",69.60115,61.95465,"A",-139.06699,-94.47766,3,0,2,115.0,186.0,"NK",0.0,0.0,4,3,384,2010-09-14 13:41:24.000,"1","argos-doppler-shift","Vulpes lagopus","83762","RBRB","Arctic fox Herschel - Argos tracking"
17136264500,true,2010-09-18 15:23:55.000,-138.96262,69.59723,,0.051,-134.0,4.016774348E8,5895.0,1973,"11",69.59723,69.03899,"0",-138.96262,-135.81412,4,0,2,100.0,372.0,"NK",194620.0,178.0,6,3,376,2010-09-18 15:20:49.000,"1","argos-doppler-shift","Vulpes lagopus","83762","RBRB","Arctic fox Herschel - Argos tracking"
17136264956,true,2010-09-20 16:16:39.000,-139.02092,69.60217,,0.029,-137.0,4.016773448E8,0.0,562,"11",69.60217,72.81126,"A",-139.02092,-157.02653,3,0,1,110.0,186.0,"NK",0.0,0.0,34,3,404,2010-09-20 16:18:13.000,"1","argos-doppler-shift","Vulpes lagopus","83762","RBRB","Arctic fox Herschel - Argos tracking"
17136264498,true,2010-09-22 17:07:32.000,-139.10529,69.5923,,0.134,-134.0,4.016774402E8,0.0,470,"11",69.5923,65.86786,"A",-139.10529,-119.27604,3,0,1,94.0,372.0,"NL",0.0,0.0,3,3,376,2010-09-22 17:10:39.000,"1","argos-doppler-shift","Vulpes lagopus","83762","RBRB","Arctic fox Herschel - Argos tracking"
17136262490,true,2010-09-24 16:20:49.000,-139.01428,69.59621,,0.134,-136.0,4.016774402E8,0.0,1045,"11",69.59621,73.09474,"B",-139.01428,-158.33182,2,0,2,25.0,186.0,"NK",0.0,0.0,1,3,336,2010-09-24 16:22:23.000,"1","argos-doppler-shift","Vulpes lagopus","83762","RBRB","Arctic fox Herschel - Argos tracking"
17136263828,true,2010-09-30 15:56:55.000,-139.09978,69.60931,,0.125,-137.0,4.01677392E8,731.0,857,"11",69.60931,83.33246,"1",-139.09978,145.26961,4,0,2,93.0,186.0,"NN",4959.0,107.0,26,3,356,2010-09-30 15:58:29.000,"1","argos-doppler-shift","Vulpes lagopus","83762","RBRB","Arctic fox Herschel - Argos tracking"
17136264575,true,2010-10-03 16:04:15.000,-139.14856,69.60358,,0.136,-134.0,4.016774097E8,933.0,446,"11",69.60358,71.8607,"1",-139.14856,-151.86617,5,0,3,105.0,248.0,"NK",5225.0,166.0,22,3,380,2010-10-03 16:06:19.000,"1","argos-doppler-shift","Vulpes lagopus","83762","RBRB","Arctic fox Herschel - Argos tracking"
17136264034,true,2010-10-05 16:54:51.000,-139.08541,69.60161,,0.107,-131.0,4.016774199E8,2047.0,441,"11",69.60161,75.73726,"0",-139.08541,-173.15494,4,0,2,88.0,186.0,"NK",8527.0,491.0,21,3,360,2010-10-05 16:53:19.000,"1","argos-doppler-shift","Vulpes lagopus","83762","RBRB","Arctic fox Herschel - Argos tracking"
17136264120,true,2010-10-07 13:20:47.000,-139.09924,69.60863,,0.125,-136.0,4.016774425E8,380.0,511,"11",69.60863,73.05488,"2",-139.09924,-157.96138,4,0,3,107.0,186.0,"NP",1063.0,135.0,2,3,364,2010-10-07 13:21:18.000,"1","argos-doppler-shift","Vulpes lagopus","83762","RBRB","Arctic fox Herschel - Argos tracking"
17136264246,true,2010-10-09 15:19:53.000,-138.8349,69.55513,,0.0,-134.0,4.01677443E8,3204.0,977,"11",69.55513,68.76513,"0",-138.8349,-134.34997,5,0,2,97.0,248.0,"NK",60654.0,169.0,3,3,368,2010-10-09 15:21:57.000,"1","argos-doppler-shift","Vulpes lagopus","83762","RBRB","Arctic fox Herschel - Argos tracking"
17136263844,true,2010-10-11 16:09:21.000,-139.00626,69.61489,,0.086,-134.0,4.016774077E8,883.0,627,"11",69.61489,72.54961,"1",-139.00626,-155.19438,6,0,1,100.0,310.0,"NK",10752.0,72.0,25,3,356,2010-10-11 16:10:23.000,"1","argos-doppler-shift","Vulpes lagopus","83762","RBRB","Arctic fox Herschel - Argos tracking"
17136249440,true,2009-06-10 22:29:16.000,-139.07393,69.60658,,0.091,-129.0,4.016774628E8,214.0,373,"11",69.60658,78.5897,"3",-139.07393,170.26765,6,0,4,96.0,315.0,"MA",315.0,144.0,18,4,232,2009-06-10 22:31:54.000,"1","argos-doppler-shift","Vulpes lagopus","83763","Female","Arctic fox Herschel - Argos tracking"
17136258751,true,2009-06-13 13:32:29.000,-139.09825,69.6122,,0.121,-130.0,4.016774287E8,376.0,383,"11",69.6122,60.94394,"2",-139.09825,-87.12727,7,0,1,78.0,378.0,"NK",1449.0,97.0,27,4,300,2009-06-13 13:34:36.000,"1","argos-doppler-shift","Vulpes lagopus","83763","Female","Arctic fox Herschel - Argos tracking"
17136265217,true,2009-06-14 14:07:35.000,-139.03064,69.61831,,0.08,-128.0,4.016774814E8,1545.0,2257,"11",69.61831,75.82582,"0",-139.03064,-173.13739,4,0,2,103.0,252.0,"NN",28817.0,82.0,22,4,428,2009-06-14 14:05:30.000,"1","argos-doppler-shift","Vulpes lagopus","83763","Female","Arctic fox Herschel - Argos tracking"
17136265162,true,2009-06-15 14:22:44.000,-139.11132,69.60077,,0.146,-123.0,4.016775175E8,381.0,194,"11",69.60077,64.12713,"2",-139.11132,-108.06068,11,0,2,93.0,630.0,"NK",1654.0,87.0,8,3,420,2009-06-15 14:17:30.000,"1","argos-doppler-shift","Vulpes lagopus","83763","Female","Arctic fox Herschel - Argos tracking"
17136250824,true,2009-06-17 13:33:14.000,-139.13378,69.60854,,0.153,-134.0,4.016774674E8,189.0,304,"11",69.60854,73.37642,"3",-139.13378,-159.34996,7,0,3,104.0,378.0,"NN",735.0,48.0,12,4,244,2009-06-17 13:30:06.000,"1","argos-doppler-shift","Vulpes lagopus","83763","Female","Arctic fox Herschel - Argos tracking"
17136265148,true,2009-06-18 16:30:37.000,-139.10611,69.62457,,0.124,-122.0,4.016775031E8,451.0,271,"11",69.62457,73.33535,"2",-139.10611,-159.6006,8,0,3,100.0,441.0,"NK",2490.0,81.0,11,3,420,2009-06-18 16:34:18.000,"1","argos-doppler-shift","Vulpes lagopus","83763","Female","Arctic fox Herschel - Argos tracking"
17136264618,true,2009-06-19 16:32:38.000,-139.08171,69.59299,,0.1,-133.0,4.016774755E8,428.0,409,"11",69.59299,86.97412,"2",-139.08171,105.49036,7,0,3,76.0,378.0,"NN",1249.0,146.0,24,4,380,2009-06-19 16:31:36.000,"1","argos-doppler-shift","Vulpes lagopus","83763","Female","Arctic fox Herschel - Argos tracking"
17136261263,true,2009-06-20 14:39:41.000,-139.16717,69.5921,,0.102,-130.0,4.016774537E8,600.0,593,"11",69.5921,78.79351,"1",-139.16717,171.96232,9,0,3,100.0,567.0,"NN",3500.0,102.0,24,4,320,2009-06-20 14:47:02.000,"1","argos-doppler-shift","Vulpes lagopus","83763","Female","Arctic fox Herschel - Argos tracking"
17136255682,true,2009-06-21 15:14:16.000,-139.11457,69.5949,,0.149,-131.0,4.016774525E8,180.0,311,"11",69.5949,62.90127,"3",-139.11457,-103.28219,8,0,3,92.0,504.0,"NL",465.0,69.0,25,4,276,2009-06-21 15:09:33.000,"1","argos-doppler-shift","Vulpes lagopus","83763","Female","Arctic fox Herschel - Argos tracking"
17136265059,true,2009-06-22 14:55:17.000,-139.17391,69.61685,,0.105,-123.0,4.016774958E8,409.0,301,"11",69.61685,66.36314,"2",-139.17391,-120.93271,9,0,4,94.0,630.0,"NK",3550.0,47.0,5,3,412,2009-06-22 14:54:15.000,"1","argos-doppler-shift","Vulpes lagopus","83763","Female","Arctic fox Herschel - Argos tracking"
17136265096,true,2009-06-23 14:51:32.000,-139.13087,69.6081,,0.154,-129.0,4.016774697E8,414.0,557,"11",69.6081,61.40104,"2",-139.13087,-93.77684,6,0,3,76.0,315.0,"NL",1673.0,102.0,20,4,416,2009-06-23 14:50:30.000,"1","argos-doppler-shift","Vulpes lagopus","83763","Female","Arctic fox Herschel - Argos tracking"
17136265052,true,2009-06-24 14:38:52.000,-139.06295,69.6241,,0.055,-128.0,4.016774933E8,579.0,245,"11",69.6241,60.38423,"1",-139.06295,-88.88199,10,0,3,88.0,567.0,"NL",1630.0,205.0,5,3,412,2009-06-24 14:35:12.000,"1","argos-doppler-shift","Vulpes lagopus","83763","Female","Arctic fox Herschel - Argos tracking"
17136254244,true,2009-06-25 15:29:43.000,-139.12275,69.58716,,0.155,-132.0,4.016774647E8,375.0,316,"11",69.58716,82.2904,"2",-139.12275,151.09194,7,0,4,86.0,441.0,"NN",898.0,156.0,25,4,268,2009-06-25 15:30:15.000,"1","argos-doppler-shift","Vulpes lagopus","83763","Female","Arctic fox Herschel - Argos tracking"
17136259938,true,2009-06-26 13:38:21.000,-139.07039,69.60281,,0.089,-134.0,4.016774608E8,249.0,258,"11",69.60281,73.80407,"3",-139.07039,-161.35125,9,0,3,102.0,504.0,"NN",1034.0,60.0,15,4,308,2009-06-26 13:34:09.000,"1","argos-doppler-shift","Vulpes lagopus","83763","Female","Arctic fox Herschel - Argos tracking"
17136259870,true,2009-06-27 15:07:31.000,-139.10133,69.57788,,0.089,-136.0,4.016774611E8,284.0,696,"11",69.57788,80.77376,"2",-139.10133,160.40137,4,0,3,87.0,189.0,"NN",1542.0,52.0,23,4,308,2009-06-27 15:09:06.000,"1","argos-doppler-shift","Vulpes lagopus","83763","Female","Arctic fox Herschel - Argos tracking"
17136256293,true,2009-06-28 14:12:51.000,-139.12587,69.6157,,0.149,-128.0,4.016774832E8,239.0,261,"11",69.6157,63.52458,"3",-139.12587,-103.61802,7,0,3,85.0,378.0,"NK",884.0,64.0,5,3,284,2009-06-28 14:09:42.000,"1","argos-doppler-shift","Vulpes lagopus","83763","Female","Arctic fox Herschel - Argos tracking"
