event-id,visible,timestamp,location-long,location-lat,comments,sensor-type,individual-taxon-canonical-name,tag-local-identifier,individual-local-identifier,study-name
27220869612,true,2002-03-30 00:00:00.000,15.769,2.476,"1","argos-doppler-shift",,"#2789898388","14118","Elephant Research - Lobeke National Park (Cameroon) - Collar 14120"
27220869613,true,2002-03-31 00:00:00.000,15.74,2.502,"A","argos-doppler-shift",,"#2789898388","14118","Elephant Research - Lobeke National Park (Cameroon) - Collar 14120"
27220869614,true,2002-03-31 00:00:00.000,15.744,2.506,"2","argos-doppler-shift",,"#2789898388","14118","Elephant Research - Lobeke National Park (Cameroon) - Collar 14120"
27220869615,true,2002-03-31 00:00:00.000,15.747,2.507,"3","argos-doppler-shift",,"#2789898388","14118","Elephant Research - Lobeke National Park (Cameroon) - Collar 14120"
27220869616,true,2002-04-01 00:00:00.000,15.771,2.479,"3","argos-doppler-shift",,"#2789898388","14118","Elephant Research - Lobeke National Park (Cameroon) - Collar 14120"
27220869617,true,2002-04-01 00:00:00.000,15.77,2.485,"3","argos-doppler-shift",,"#2789898388","14118","Elephant Research - Lobeke National Park (Cameroon) - Collar 14120"
27220869618,true,2002-04-02 00:00:00.000,15.849,2.493,"A","argos-doppler-shift",,"#2789898388","14118","Elephant Research - Lobeke National Park (Cameroon) - Collar 14120"
27220869619,true,2002-04-02 00:00:00.000,15.795,2.514,"A","argos-doppler-shift",,"#2789898388","14118","Elephant Research - Lobeke National Park (Cameroon) - Collar 14120"
27220869620,true,2002-04-02 00:00:00.000,15.766,2.51,"2","argos-doppler-shift",,"#2789898388","14118","Elephant Research - Lobeke National Park (Cameroon) - Collar 14120"
27220869621,true,2002-04-03 00:00:00.000,15.761,2.518,"2","argos-doppler-shift",,"#2789898388","14118","Elephant Research - Lobeke National Park (Cameroon) - Collar 14120"
27220869622,true,2002-04-03 00:00:00.000,15.74,2.508,"1","argos-doppler-shift",,"#2789898388","14118","Elephant Research - Lobeke National Park (Cameroon) - Collar 14120"
27220869623,true,2002-04-04 00:00:00.000,15.735,2.574,"3","argos-doppler-shift",,"#2789898388","14118","Elephant Research - Lobeke National Park (Cameroon) - Collar 14120"
27220869624,true,2002-04-04 00:00:00.000,15.774,2.602,"B","argos-doppler-shift",,"#2789898388","14118","Elephant Research - Lobeke National Park (Cameroon) - Collar 14120"
27220869625,true,2002-04-05 00:00:00.000,15.729,2.62,"3","argos-doppler-shift",,"#2789898388","14118","Elephant Research - Lobeke National Park (Cameroon) - Collar 14120"
27220869626,true,2002-04-06 00:00:00.000,15.725,2.589,"B","argos-doppler-shift",,"#2789898388","14118","Elephant Research - Lobeke National Park (Cameroon) - Collar 14120"
27220869627,true,2002-04-07 00:00:00.000,15.729,2.592,"3","argos-doppler-shift",,"#2789898388","14118","Elephant Research - Lobeke National Park (Cameroon) - Collar 14120"
27220869628,true,2002-04-07 00:00:00.000,15.718,2.568,"B","argos-doppler-shift",,"#2789898388","14118","Elephant Research - Lobeke National Park (Cameroon) - Collar 14120"
27220869629,true,2002-04-07 00:00:00.000,15.744,2.596,"A","argos-doppler-shift",,"#2789898388","14118","Elephant Research - Lobeke National Park (Cameroon) - Collar 14120"
27220869630,true,2002-04-08 00:00:00.000,15.785,2.57,"B","argos-doppler-shift",,"#2789898388","14118","Elephant Research - Lobeke National Park (Cameroon) - Collar 14120"
27220869631,true,2002-04-08 00:00:00.000,15.732,2.596,"A","argos-doppler-shift",,"#2789898388","14118","Elephant Research - Lobeke National Park (Cameroon) - Collar 14120"
27220869632,true,2002-04-08 00:00:00.000,15.74,2.6,"2","argos-doppler-shift",,"#2789898388","14118","Elephant Research - Lobeke National Park (Cameroon) - Collar 14120"
27220869633,true,2002-04-09 00:00:00.000,15.757,2.599,"1","argos-doppler-shift",,"#2789898388","14118","Elephant Research - Lobeke National Park (Cameroon) - Collar 14120"
27220869634,true,2002-04-10 00:00:00.000,15.721,2.606,"3","argos-doppler-shift",,"#2789898388","14118","Elephant Research - Lobeke National Park (Cameroon) - Collar 14120"
27220869635,true,2002-04-10 00:00:00.000,15.749,2.613,"A","argos-doppler-shift",,"#2789898388","14118","Elephant Research - Lobeke National Park (Cameroon) - Collar 14120"
27220869636,true,2002-04-10 00:00:00.000,15.75,2.609,"A","argos-doppler-shift",,"#2789898388","14118","Elephant Research - Lobeke National Park (Cameroon) - Collar 14120"
27220869637,true,2002-04-10 00:00:00.000,15.731,2.607,"3","argos-doppler-shift",,"#2789898388","14118","Elephant Research - Lobeke National Park (Cameroon) - Collar 14120"
27220869638,true,2002-04-11 00:00:00.000,15.712,2.588,"B","argos-doppler-shift",,"#2789898388","14118","Elephant Research - Lobeke National Park (Cameroon) - Collar 14120"
27220869639,true,2002-04-11 00:00:00.000,15.764,2.603,"B","argos-doppler-shift",,"#2789898388","14118","Elephant Research - Lobeke National Park (Cameroon) - Collar 14120"
27220869640,true,2002-04-12 00:00:00.000,15.558,2.6,"B","argos-doppler-shift",,"#2789898388","14118","Elephant Research - Lobeke National Park (Cameroon) - Collar 14120"
27220869641,true,2002-04-13 00:00:00.000,15.746,2.68,"2","argos-doppler-shift",,"#2789898388","14118","Elephant Research - Lobeke National Park (Cameroon) - Collar 14120"
27220869642,true,2002-04-14 00:00:00.000,15.761,2.69,"3","argos-doppler-shift",,"#2789898388","14118","Elephant Research - Lobeke National Park (Cameroon) - Collar 14120"
27220869643,true,2002-04-14 00:00:00.000,15.752,2.688,"3","argos-doppler-shift",,"#2789898388","14118","Elephant Research - Lobeke National Park (Cameroon) - Collar 14120"
27220869644,true,2002-04-14 00:00:00.000,15.746,2.683,"B","argos-doppler-shift",,"#2789898388","14118","Elephant Research - Lobeke National Park (Cameroon) - Collar 14120"
27220869645,true,2002-04-15 00:00:00.000,15.747,2.635,"B","argos-doppler-shift",,"#2789898388","14118","Elephant Research - Lobeke National Park (Cameroon) - Collar 14120"
27220869646,true,2002-04-16 00:00:00.000,15.776,2.662,"A","argos-doppler-shift",,"#2789898388","14118","Elephant Research - Lobeke National Park (Cameroon) - Collar 14120"
27220869647,true,2002-04-17 00:00:00.000,15.613,2.632,"A","argos-doppler-shift",,"#2789898388","14118","Elephant Research - Lobeke National Park (Cameroon) - Collar 14120"
27220869648,true,2002-04-18 00:00:00.000,15.763,2.653,"B","argos-doppler-shift",,"#2789898388","14118","Elephant Research - Lobeke National Park (Cameroon) - Collar 14120"
27220869649,true,2002-04-18 00:00:00.000,15.746,2.67,"A","argos-doppler-shift",,"#2789898388","14118","Elephant Research - Lobeke National Park (Cameroon) - Collar 14120"
27220869650,true,2002-04-19 00:00:00.000,15.779,2.658,"A","argos-doppler-shift",,"#2789898388","14118","Elephant Research - Lobeke National Park (Cameroon) - Collar 14120"
27220869651,true,2002-04-20 00:00:00.000,15.808,2.657,"B","argos-doppler-shift",,"#2789898388","14118","Elephant Research - Lobeke National Park (Cameroon) - Collar 14120"
27220869652,true,2002-04-22 00:00:00.000,15.781,2.679,"B","argos-doppler-shift",,"#2789898388","14118","Elephant Research - Lobeke National Park (Cameroon) - Collar 14120"
27220869653,true,2002-04-23 00:00:00.000,15.776,2.68,"A","argos-doppler-shift",,"#2789898388","14118","Elephant Research - Lobeke National Park (Cameroon) - Collar 14120"
27220869654,true,2002-04-24 00:00:00.000,15.77,2.701,"B","argos-doppler-shift",,"#2789898388","14118","Elephant Research - Lobeke National Park (Cameroon) - Collar 14120"
27220869655,true,2002-04-24 00:00:00.000,15.778,2.698,"3","argos-doppler-shift",,"#2789898388","14118","Elephant Research - Lobeke National Park (Cameroon) - Collar 14120"
27220869656,true,2002-04-25 00:00:00.000,15.752,2.695,"A","argos-doppler-shift",,"#2789898388","14118","Elephant Research - Lobeke National Park (Cameroon) - Collar 14120"
27220869657,true,2002-04-25 00:00:00.000,15.639,2.666,"A","argos-doppler-shift",,"#2789898388","14118","Elephant Research - Lobeke National Park (Cameroon) - Collar 14120"
27220869658,true,2002-04-26 00:00:00.000,15.755,2.695,"3","argos-doppler-shift",,"#2789898388","14118","Elephant Research - Lobeke National Park (Cameroon) - Collar 14120"
27220869659,true,2002-04-26 00:00:00.000,15.755,2.695,"A","argos-doppler-shift",,"#2789898388","14118","Elephant Research - Lobeke National Park (Cameroon) - Collar 14120"
27220869660,true,2002-04-27 00:00:00.000,15.767,2.691,"A","argos-doppler-shift",,"#2789898388","14118","Elephant Research - Lobeke National Park (Cameroon) - Collar 14120"
27220869661,true,2002-04-28 00:00:00.000,15.766,2.69,"3","argos-doppler-shift",,"#2789898388","14118","Elephant Research - Lobeke National Park (Cameroon) - Collar 14120"
27220869662,true,2002-04-28 00:00:00.000,15.77,2.684,"A","argos-doppler-shift",,"#2789898388","14118","Elephant Research - Lobeke National Park (Cameroon) - Collar 14120"
27220869663,true,2002-04-28 00:00:00.000,15.769,2.684,"B","argos-doppler-shift",,"#2789898388","14118","Elephant Research - Lobeke National Park (Cameroon) - Collar 14120"
27220869664,true,2002-04-29 00:00:00.000,15.787,2.669,"A","argos-doppler-shift",,"#2789898388","14118","Elephant Research - Lobeke National Park (Cameroon) - Collar 14120"
27220869665,true,2002-04-30 00:00:00.000,16.086,2.697,"B","argos-doppler-shift",,"#2789898388","14118","Elephant Research - Lobeke National Park (Cameroon) - Collar 14120"
27220869666,true,2002-05-01 00:00:00.000,15.703,2.588,"B","argos-doppler-shift",,"#2789898388","14118","Elephant Research - Lobeke National Park (Cameroon) - Collar 14120"
27220869667,true,2002-05-02 00:00:00.000,15.776,2.63,"A","argos-doppler-shift",,"#2789898388","14118","Elephant Research - Lobeke National Park (Cameroon) - Collar 14120"
27220869668,true,2002-05-02 00:00:00.000,15.772,2.589,"B","argos-doppler-shift",,"#2789898388","14118","Elephant Research - Lobeke National Park (Cameroon) - Collar 14120"
27220869669,true,2002-05-03 00:00:00.000,15.599,2.558,"B","argos-doppler-shift",,"#2789898388","14118","Elephant Research - Lobeke National Park (Cameroon) - Collar 14120"
27220869670,true,2002-05-04 00:00:00.000,15.762,2.587,"1","argos-doppler-shift",,"#2789898388","14118","Elephant Research - Lobeke National Park (Cameroon) - Collar 14120"
27220869671,true,2002-05-06 00:00:00.000,15.78,2.402,"A","argos-doppler-shift",,"#2789898388","14118","Elephant Research - Lobeke National Park (Cameroon) - Collar 14120"
27220869672,true,2002-05-06 00:00:00.000,15.741,2.346,"B","argos-doppler-shift",,"#2789898388","14118","Elephant Research - Lobeke National Park (Cameroon) - Collar 14120"
27220869673,true,2002-05-07 00:00:00.000,15.765,2.346,"A","argos-doppler-shift",,"#2789898388","14118","Elephant Research - Lobeke National Park (Cameroon) - Collar 14120"
27220869674,true,2002-05-07 00:00:00.000,15.767,2.348,"3","argos-doppler-shift",,"#2789898388","14118","Elephant Research - Lobeke National Park (Cameroon) - Collar 14120"
27220869675,true,2002-05-07 00:00:00.000,15.751,2.342,"B","argos-doppler-shift",,"#2789898388","14118","Elephant Research - Lobeke National Park (Cameroon) - Collar 14120"
27220869676,true,2002-05-08 00:00:00.000,15.778,2.339,"3","argos-doppler-shift",,"#2789898388","14118","Elephant Research - Lobeke National Park (Cameroon) - Collar 14120"
27220869677,true,2002-05-08 00:00:00.000,15.773,2.339,"2","argos-doppler-shift",,"#2789898388","14118","Elephant Research - Lobeke National Park (Cameroon) - Collar 14120"
27220869678,true,2002-05-09 00:00:00.000,15.686,2.362,"A","argos-doppler-shift",,"#2789898388","14118","Elephant Research - Lobeke National Park (Cameroon) - Collar 14120"
27220869679,true,2002-05-09 00:00:00.000,15.807,2.357,"1","argos-doppler-shift",,"#2789898388","14118","Elephant Research - Lobeke National Park (Cameroon) - Collar 14120"
27220869680,true,2002-05-10 00:00:00.000,15.767,2.355,"A","argos-doppler-shift",,"#2789898388","14118","Elephant Research - Lobeke National Park (Cameroon) - Collar 14120"
27220869681,true,2002-05-10 00:00:00.000,15.756,2.34,"2","argos-doppler-shift",,"#2789898388","14118","Elephant Research - Lobeke National Park (Cameroon) - Collar 14120"
27220869682,true,2002-05-10 00:00:00.000,15.796,2.348,"B","argos-doppler-shift",,"#2789898388","14118","Elephant Research - Lobeke National Park (Cameroon) - Collar 14120"
27220869683,true,2002-05-11 00:00:00.000,15.754,2.369,"3","argos-doppler-shift",,"#2789898388","14118","Elephant Research - Lobeke National Park (Cameroon) - Collar 14120"
27220869684,true,2002-05-13 00:00:00.000,15.751,2.471,"A","argos-doppler-shift",,"#2789898388","14118","Elephant Research - Lobeke National Park (Cameroon) - Collar 14120"
27220869685,true,2002-05-14 00:00:00.000,15.736,2.525,"3","argos-doppler-shift",,"#2789898388","14118","Elephant Research - Lobeke National Park (Cameroon) - Collar 14120"
27220869686,true,2002-05-14 00:00:00.000,15.733,2.537,"A","argos-doppler-shift",,"#2789898388","14118","Elephant Research - Lobeke National Park (Cameroon) - Collar 14120"
27220869687,true,2002-05-16 00:00:00.000,15.78,2.576,"A","argos-doppler-shift",,"#2789898388","14118","Elephant Research - Lobeke National Park (Cameroon) - Collar 14120"
27220869688,true,2002-05-17 00:00:00.000,15.742,2.614,"2","argos-doppler-shift",,"#2789898388","14118","Elephant Research - Lobeke National Park (Cameroon) - Collar 14120"
27220869689,true,2002-05-17 00:00:00.000,15.767,2.611,"B","argos-doppler-shift",,"#2789898388","14118","Elephant Research - Lobeke National Park (Cameroon) - Collar 14120"
27220869690,true,2002-05-19 00:00:00.000,15.731,2.608,"B","argos-doppler-shift",,"#2789898388","14118","Elephant Research - Lobeke National Park (Cameroon) - Collar 14120"
27220869691,true,2002-05-19 00:00:00.000,15.588,2.578,"0","argos-doppler-shift",,"#2789898388","14118","Elephant Research - Lobeke National Park (Cameroon) - Collar 14120"
27220869692,true,2002-05-20 00:00:00.000,15.739,2.604,"3","argos-doppler-shift",,"#2789898388","14118","Elephant Research - Lobeke National Park (Cameroon) - Collar 14120"
27220869693,true,2002-05-20 00:00:00.000,15.734,2.606,"3","argos-doppler-shift",,"#2789898388","14118","Elephant Research - Lobeke National Park (Cameroon) - Collar 14120"
27220869694,true,2002-05-21 00:00:00.000,15.743,2.598,"A","argos-doppler-shift",,"#2789898388","14118","Elephant Research - Lobeke National Park (Cameroon) - Collar 14120"
27220869695,true,2002-05-22 00:00:00.000,15.749,2.603,"2","argos-doppler-shift",,"#2789898388","14118","Elephant Research - Lobeke National Park (Cameroon) - Collar 14120"
27220869696,true,2002-05-23 00:00:00.000,15.841,2.604,"B","argos-doppler-shift",,"#2789898388","14118","Elephant Research - Lobeke National Park (Cameroon) - Collar 14120"
27220869697,true,2002-05-24 00:00:00.000,15.711,2.651,"B","argos-doppler-shift",,"#2789898388","14118","Elephant Research - Lobeke National Park (Cameroon) - Collar 14120"
27220869698,true,2002-05-24 00:00:00.000,15.774,2.584,"B","argos-doppler-shift",,"#2789898388","14118","Elephant Research - Lobeke National Park (Cameroon) - Collar 14120"
27220869699,true,2002-05-26 00:00:00.000,15.789,2.681,"A","argos-doppler-shift",,"#2789898388","14118","Elephant Research - Lobeke National Park (Cameroon) - Collar 14120"
27220869700,true,2002-05-26 00:00:00.000,15.805,2.684,"2","argos-doppler-shift",,"#2789898388","14118","Elephant Research - Lobeke National Park (Cameroon) - Collar 14120"
27220869701,true,2002-05-26 00:00:00.000,15.771,2.659,"B","argos-doppler-shift",,"#2789898388","14118","Elephant Research - Lobeke National Park (Cameroon) - Collar 14120"
27220869702,true,2002-05-27 00:00:00.000,15.815,2.665,"B","argos-doppler-shift",,"#2789898388","14118","Elephant Research - Lobeke National Park (Cameroon) - Collar 14120"
27220869703,true,2002-05-27 00:00:00.000,15.521,2.592,"B","argos-doppler-shift",,"#2789898388","14118","Elephant Research - Lobeke National Park (Cameroon) - Collar 14120"
27220869704,true,2002-05-28 00:00:00.000,15.756,2.655,"1","argos-doppler-shift",,"#2789898388","14118","Elephant Research - Lobeke National Park (Cameroon) - Collar 14120"
27220869705,true,2002-05-30 00:00:00.000,15.794,2.657,"A","argos-doppler-shift",,"#2789898388","14118","Elephant Research - Lobeke National Park (Cameroon) - Collar 14120"
27220869706,true,2002-05-31 00:00:00.000,15.703,2.689,"1","argos-doppler-shift",,"#2789898388","14118","Elephant Research - Lobeke National Park (Cameroon) - Collar 14120"
27220869707,true,2002-06-01 00:00:00.000,15.784,2.681,"B","argos-doppler-shift",,"#2789898388","14118","Elephant Research - Lobeke National Park (Cameroon) - Collar 14120"
27220869708,true,2002-06-03 00:00:00.000,15.808,2.687,"A","argos-doppler-shift",,"#2789898388","14118","Elephant Research - Lobeke National Park (Cameroon) - Collar 14120"
27220869709,true,2002-06-04 00:00:00.000,15.783,2.725,"B","argos-doppler-shift",,"#2789898388","14118","Elephant Research - Lobeke National Park (Cameroon) - Collar 14120"
27220869710,true,2002-06-05 00:00:00.000,15.796,2.69,"A","argos-doppler-shift",,"#2789898388","14118","Elephant Research - Lobeke National Park (Cameroon) - Collar 14120"
27220869711,true,2002-06-05 00:00:00.000,15.922,2.625,"B","argos-doppler-shift",,"#2789898388","14118","Elephant Research - Lobeke National Park (Cameroon) - Collar 14120"
27220869712,true,2002-06-06 00:00:00.000,15.741,2.674,"A","argos-doppler-shift",,"#2789898388","14118","Elephant Research - Lobeke National Park (Cameroon) - Collar 14120"
27220869713,true,2002-06-08 00:00:00.000,15.722,2.709,"3","argos-doppler-shift",,"#2789898388","14118","Elephant Research - Lobeke National Park (Cameroon) - Collar 14120"
27220869714,true,2002-06-08 00:00:00.000,15.723,2.702,"3","argos-doppler-shift",,"#2789898388","14118","Elephant Research - Lobeke National Park (Cameroon) - Collar 14120"
27220869715,true,2002-06-11 00:00:00.000,15.592,2.857,"B","argos-doppler-shift",,"#2789898388","14118","Elephant Research - Lobeke National Park (Cameroon) - Collar 14120"
27220869716,true,2002-06-11 00:00:00.000,15.592,2.86,"A","argos-doppler-shift",,"#2789898388","14118","Elephant Research - Lobeke National Park (Cameroon) - Collar 14120"
27220869717,true,2002-06-12 00:00:00.000,15.531,2.857,"A","argos-doppler-shift",,"#2789898388","14118","Elephant Research - Lobeke National Park (Cameroon) - Collar 14120"
27220869718,true,2002-06-13 00:00:00.000,15.566,2.868,"B","argos-doppler-shift",,"#2789898388","14118","Elephant Research - Lobeke National Park (Cameroon) - Collar 14120"
27220869719,true,2002-06-13 00:00:00.000,15.573,2.855,"B","argos-doppler-shift",,"#2789898388","14118","Elephant Research - Lobeke National Park (Cameroon) - Collar 14120"
27220869720,true,2002-06-13 00:00:00.000,15.538,2.852,"B","argos-doppler-shift",,"#2789898388","14118","Elephant Research - Lobeke National Park (Cameroon) - Collar 14120"
27220869721,true,2002-06-14 00:00:00.000,15.566,2.876,"A","argos-doppler-shift",,"#2789898388","14118","Elephant Research - Lobeke National Park (Cameroon) - Collar 14120"
27220869722,true,2002-06-15 00:00:00.000,15.557,2.868,"A","argos-doppler-shift",,"#2789898388","14118","Elephant Research - Lobeke National Park (Cameroon) - Collar 14120"
27220869723,true,2002-06-15 00:00:00.000,15.569,2.865,"B","argos-doppler-shift",,"#2789898388","14118","Elephant Research - Lobeke National Park (Cameroon) - Collar 14120"
27220869724,true,2002-06-16 00:00:00.000,15.565,2.873,"2","argos-doppler-shift",,"#2789898388","14118","Elephant Research - Lobeke National Park (Cameroon) - Collar 14120"
27220869725,true,2002-06-17 00:00:00.000,15.573,2.883,"B","argos-doppler-shift",,"#2789898388","14118","Elephant Research - Lobeke National Park (Cameroon) - Collar 14120"
27220869726,true,2002-06-17 00:00:00.000,15.568,2.852,"B","argos-doppler-shift",,"#2789898388","14118","Elephant Research - Lobeke National Park (Cameroon) - Collar 14120"
27220869727,true,2002-06-20 00:00:00.000,15.56,2.85,"B","argos-doppler-shift",,"#2789898388","14118","Elephant Research - Lobeke National Park (Cameroon) - Collar 14120"
27220869728,true,2002-06-20 00:00:00.000,15.645,2.893,"A","argos-doppler-shift",,"#2789898388","14118","Elephant Research - Lobeke National Park (Cameroon) - Collar 14120"
27220869729,true,2002-06-21 00:00:00.000,15.551,2.882,"A","argos-doppler-shift",,"#2789898388","14118","Elephant Research - Lobeke National Park (Cameroon) - Collar 14120"
27220869730,true,2002-06-22 00:00:00.000,15.626,2.849,"B","argos-doppler-shift",,"#2789898388","14118","Elephant Research - Lobeke National Park (Cameroon) - Collar 14120"
27220869731,true,2002-06-22 00:00:00.000,15.554,2.874,"A","argos-doppler-shift",,"#2789898388","14118","Elephant Research - Lobeke National Park (Cameroon) - Collar 14120"
27220869732,true,2002-06-23 00:00:00.000,15.582,2.864,"2","argos-doppler-shift",,"#2789898388","14118","Elephant Research - Lobeke National Park (Cameroon) - Collar 14120"
27220869733,true,2002-06-23 00:00:00.000,15.579,2.862,"B","argos-doppler-shift",,"#2789898388","14118","Elephant Research - Lobeke National Park (Cameroon) - Collar 14120"
27220869734,true,2002-06-24 00:00:00.000,15.569,2.855,"B","argos-doppler-shift",,"#2789898388","14118","Elephant Research - Lobeke National Park (Cameroon) - Collar 14120"
27220869735,true,2002-06-25 00:00:00.000,15.584,2.853,"3","argos-doppler-shift",,"#2789898388","14118","Elephant Research - Lobeke National Park (Cameroon) - Collar 14120"
27220869736,true,2002-06-26 00:00:00.000,15.552,2.852,"B","argos-doppler-shift",,"#2789898388","14118","Elephant Research - Lobeke National Park (Cameroon) - Collar 14120"
27220869737,true,2002-06-28 00:00:00.000,15.545,2.864,"A","argos-doppler-shift",,"#2789898388","14118","Elephant Research - Lobeke National Park (Cameroon) - Collar 14120"
27220869738,true,2002-06-28 00:00:00.000,15.894,2.922,"B","argos-doppler-shift",,"#2789898388","14118","Elephant Research - Lobeke National Park (Cameroon) - Collar 14120"
27220869739,true,2002-06-29 00:00:00.000,15.563,2.824,"B","argos-doppler-shift",,"#2789898388","14118","Elephant Research - Lobeke National Park (Cameroon) - Collar 14120"
27220869740,true,2002-06-30 00:00:00.000,15.64,2.829,"B","argos-doppler-shift",,"#2789898388","14118","Elephant Research - Lobeke National Park (Cameroon) - Collar 14120"
27220869741,true,2002-06-30 00:00:00.000,15.571,2.819,"B","argos-doppler-shift",,"#2789898388","14118","Elephant Research - Lobeke National Park (Cameroon) - Collar 14120"
27220869742,true,2002-07-01 00:00:00.000,15.563,2.839,"B","argos-doppler-shift",,"#2789898388","14118","Elephant Research - Lobeke National Park (Cameroon) - Collar 14120"
27220869743,true,2002-07-02 00:00:00.000,15.526,2.831,"B","argos-doppler-shift",,"#2789898388","14118","Elephant Research - Lobeke National Park (Cameroon) - Collar 14120"
27220869744,true,2002-07-03 00:00:00.000,15.516,2.822,"B","argos-doppler-shift",,"#2789898388","14118","Elephant Research - Lobeke National Park (Cameroon) - Collar 14120"
27220869745,true,2002-07-04 00:00:00.000,15.563,2.852,"B","argos-doppler-shift",,"#2789898388","14118","Elephant Research - Lobeke National Park (Cameroon) - Collar 14120"
27220869746,true,2002-07-05 00:00:00.000,15.572,2.893,"B","argos-doppler-shift",,"#2789898388","14118","Elephant Research - Lobeke National Park (Cameroon) - Collar 14120"
27220869747,true,2002-07-06 00:00:00.000,15.542,2.891,"3","argos-doppler-shift",,"#2789898388","14118","Elephant Research - Lobeke National Park (Cameroon) - Collar 14120"
27220869748,true,2002-07-07 00:00:00.000,15.776,2.816,"B","argos-doppler-shift",,"#2789898388","14118","Elephant Research - Lobeke National Park (Cameroon) - Collar 14120"
27220869749,true,2002-07-07 00:00:00.000,15.523,2.887,"B","argos-doppler-shift",,"#2789898388","14118","Elephant Research - Lobeke National Park (Cameroon) - Collar 14120"
27220869750,true,2002-07-10 00:00:00.000,15.567,2.861,"A","argos-doppler-shift",,"#2789898388","14118","Elephant Research - Lobeke National Park (Cameroon) - Collar 14120"
27220869751,true,2002-07-11 00:00:00.000,15.545,2.89,"A","argos-doppler-shift",,"#2789898388","14118","Elephant Research - Lobeke National Park (Cameroon) - Collar 14120"
27220869752,true,2002-07-11 00:00:00.000,15.564,2.869,"B","argos-doppler-shift",,"#2789898388","14118","Elephant Research - Lobeke National Park (Cameroon) - Collar 14120"
27220869753,true,2002-07-12 00:00:00.000,15.57,2.892,"B","argos-doppler-shift",,"#2789898388","14118","Elephant Research - Lobeke National Park (Cameroon) - Collar 14120"
27220869754,true,2002-07-12 00:00:00.000,15.549,2.867,"B","argos-doppler-shift",,"#2789898388","14118","Elephant Research - Lobeke National Park (Cameroon) - Collar 14120"
27220869755,true,2002-07-13 00:00:00.000,15.589,2.865,"A","argos-doppler-shift",,"#2789898388","14118","Elephant Research - Lobeke National Park (Cameroon) - Collar 14120"
27220869756,true,2002-07-14 00:00:00.000,15.582,2.852,"B","argos-doppler-shift",,"#2789898388","14118","Elephant Research - Lobeke National Park (Cameroon) - Collar 14120"
27220869757,true,2002-07-14 00:00:00.000,15.635,2.867,"A","argos-doppler-shift",,"#2789898388","14118","Elephant Research - Lobeke National Park (Cameroon) - Collar 14120"
27220869758,true,2002-07-15 00:00:00.000,15.578,2.855,"3","argos-doppler-shift",,"#2789898388","14118","Elephant Research - Lobeke National Park (Cameroon) - Collar 14120"
27220869759,true,2002-07-15 00:00:00.000,15.579,2.848,"A","argos-doppler-shift",,"#2789898388","14118","Elephant Research - Lobeke National Park (Cameroon) - Collar 14120"
27220869760,true,2002-07-16 00:00:00.000,15.592,2.848,"B","argos-doppler-shift",,"#2789898388","14118","Elephant Research - Lobeke National Park (Cameroon) - Collar 14120"
27220869761,true,2002-07-19 00:00:00.000,15.559,2.875,"B","argos-doppler-shift",,"#2789898388","14118","Elephant Research - Lobeke National Park (Cameroon) - Collar 14120"
27220869762,true,2002-07-19 00:00:00.000,15.561,2.876,"B","argos-doppler-shift",,"#2789898388","14118","Elephant Research - Lobeke National Park (Cameroon) - Collar 14120"
27220869763,true,2002-07-20 00:00:00.000,15.581,2.863,"A","argos-doppler-shift",,"#2789898388","14118","Elephant Research - Lobeke National Park (Cameroon) - Collar 14120"
27220869764,true,2002-07-21 00:00:00.000,15.576,2.828,"B","argos-doppler-shift",,"#2789898388","14118","Elephant Research - Lobeke National Park (Cameroon) - Collar 14120"
27220869765,true,2002-07-22 00:00:00.000,15.588,2.851,"1","argos-doppler-shift",,"#2789898388","14118","Elephant Research - Lobeke National Park (Cameroon) - Collar 14120"
27220869766,true,2002-07-22 00:00:00.000,15.613,2.86,"B","argos-doppler-shift",,"#2789898388","14118","Elephant Research - Lobeke National Park (Cameroon) - Collar 14120"
27220869767,true,2002-07-29 00:00:00.000,15.606,2.863,"A","argos-doppler-shift",,"#2789898388","14118","Elephant Research - Lobeke National Park (Cameroon) - Collar 14120"
27220869768,true,2002-07-30 00:00:00.000,15.732,2.921,"B","argos-doppler-shift",,"#2789898388","14118","Elephant Research - Lobeke National Park (Cameroon) - Collar 14120"
27220869769,true,2002-07-30 00:00:00.000,15.628,2.894,"A","argos-doppler-shift",,"#2789898388","14118","Elephant Research - Lobeke National Park (Cameroon) - Collar 14120"
27220869770,true,2002-07-31 00:00:00.000,15.606,2.896,"B","argos-doppler-shift",,"#2789898388","14118","Elephant Research - Lobeke National Park (Cameroon) - Collar 14120"
27220869771,true,2002-08-01 00:00:00.000,15.569,2.914,"B","argos-doppler-shift",,"#2789898388","14118","Elephant Research - Lobeke National Park (Cameroon) - Collar 14120"
27220869772,true,2002-08-01 00:00:00.000,15.581,2.891,"B","argos-doppler-shift",,"#2789898388","14118","Elephant Research - Lobeke National Park (Cameroon) - Collar 14120"
27220869773,true,2002-08-01 00:00:00.000,15.583,2.899,"3","argos-doppler-shift",,"#2789898388","14118","Elephant Research - Lobeke National Park (Cameroon) - Collar 14120"
27220869774,true,2002-08-02 00:00:00.000,15.576,2.904,"A","argos-doppler-shift",,"#2789898388","14118","Elephant Research - Lobeke National Park (Cameroon) - Collar 14120"
27220869775,true,2002-08-04 00:00:00.000,15.542,2.908,"B","argos-doppler-shift",,"#2789898388","14118","Elephant Research - Lobeke National Park (Cameroon) - Collar 14120"
27220869776,true,2002-08-04 00:00:00.000,15.583,2.897,"A","argos-doppler-shift",,"#2789898388","14118","Elephant Research - Lobeke National Park (Cameroon) - Collar 14120"
27220869777,true,2002-08-05 00:00:00.000,15.598,2.876,"B","argos-doppler-shift",,"#2789898388","14118","Elephant Research - Lobeke National Park (Cameroon) - Collar 14120"
27220869778,true,2002-08-05 00:00:00.000,15.56,2.89,"A","argos-doppler-shift",,"#2789898388","14118","Elephant Research - Lobeke National Park (Cameroon) - Collar 14120"
27220869779,true,2002-08-06 00:00:00.000,15.561,2.893,"3","argos-doppler-shift",,"#2789898388","14118","Elephant Research - Lobeke National Park (Cameroon) - Collar 14120"
27220869780,true,2002-08-06 00:00:00.000,15.547,2.897,"B","argos-doppler-shift",,"#2789898388","14118","Elephant Research - Lobeke National Park (Cameroon) - Collar 14120"
27220869781,true,2002-08-07 00:00:00.000,15.566,2.911,"A","argos-doppler-shift",,"#2789898388","14118","Elephant Research - Lobeke National Park (Cameroon) - Collar 14120"
27220869782,true,2002-08-07 00:00:00.000,15.564,2.896,"B","argos-doppler-shift",,"#2789898388","14118","Elephant Research - Lobeke National Park (Cameroon) - Collar 14120"
27220869783,true,2002-08-07 00:00:00.000,15.609,2.939,"A","argos-doppler-shift",,"#2789898388","14118","Elephant Research - Lobeke National Park (Cameroon) - Collar 14120"
27220869784,true,2002-08-08 00:00:00.000,15.572,2.96,"A","argos-doppler-shift",,"#2789898388","14118","Elephant Research - Lobeke National Park (Cameroon) - Collar 14120"
27220869785,true,2002-08-08 00:00:00.000,15.584,2.955,"B","argos-doppler-shift",,"#2789898388","14118","Elephant Research - Lobeke National Park (Cameroon) - Collar 14120"
27220869786,true,2002-08-09 00:00:00.000,15.587,2.994,"B","argos-doppler-shift",,"#2789898388","14118","Elephant Research - Lobeke National Park (Cameroon) - Collar 14120"
27220869787,true,2002-08-09 00:00:00.000,15.587,2.994,"B","argos-doppler-shift",,"#2789898388","14118","Elephant Research - Lobeke National Park (Cameroon) - Collar 14120"
27220869788,true,2002-08-09 00:00:00.000,15.587,2.994,"B","argos-doppler-shift",,"#2789898388","14118","Elephant Research - Lobeke National Park (Cameroon) - Collar 14120"
27220869789,true,2002-08-09 00:00:00.000,15.586,2.968,"B","argos-doppler-shift",,"#2789898388","14118","Elephant Research - Lobeke National Park (Cameroon) - Collar 14120"
27220869790,true,2002-08-09 00:00:00.000,15.586,2.968,"B","argos-doppler-shift",,"#2789898388","14118","Elephant Research - Lobeke National Park (Cameroon) - Collar 14120"
27220869791,true,2002-08-09 00:00:00.000,15.586,2.968,"B","argos-doppler-shift",,"#2789898388","14118","Elephant Research - Lobeke National Park (Cameroon) - Collar 14120"
27220869792,true,2002-08-10 00:00:00.000,15.563,3.01,"B","argos-doppler-shift",,"#2789898388","14118","Elephant Research - Lobeke National Park (Cameroon) - Collar 14120"
27220869793,true,2002-08-10 00:00:00.000,15.563,3.01,"B","argos-doppler-shift",,"#2789898388","14118","Elephant Research - Lobeke National Park (Cameroon) - Collar 14120"
27220869794,true,2002-08-10 00:00:00.000,15.573,2.988,"3","argos-doppler-shift",,"#2789898388","14118","Elephant Research - Lobeke National Park (Cameroon) - Collar 14120"
27220869795,true,2002-08-10 00:00:00.000,15.573,2.988,"3","argos-doppler-shift",,"#2789898388","14118","Elephant Research - Lobeke National Park (Cameroon) - Collar 14120"
27220869796,true,2002-08-10 00:00:00.000,15.592,2.987,"B","argos-doppler-shift",,"#2789898388","14118","Elephant Research - Lobeke National Park (Cameroon) - Collar 14120"
27220869797,true,2002-08-10 00:00:00.000,15.592,2.987,"B","argos-doppler-shift",,"#2789898388","14118","Elephant Research - Lobeke National Park (Cameroon) - Collar 14120"
27220869798,true,2002-08-11 00:00:00.000,15.589,2.981,"A","argos-doppler-shift",,"#2789898388","14118","Elephant Research - Lobeke National Park (Cameroon) - Collar 14120"
27220869799,true,2002-08-11 00:00:00.000,15.601,2.979,"A","argos-doppler-shift",,"#2789898388","14118","Elephant Research - Lobeke National Park (Cameroon) - Collar 14120"
27220869800,true,2002-08-16 00:00:00.000,15.598,2.92,"3","argos-doppler-shift",,"#2789898388","14118","Elephant Research - Lobeke National Park (Cameroon) - Collar 14120"
27220869801,true,2002-08-17 00:00:00.000,15.57,2.927,"B","argos-doppler-shift",,"#2789898388","14118","Elephant Research - Lobeke National Park (Cameroon) - Collar 14120"
27220869802,true,2002-08-17 00:00:00.000,15.572,2.928,"2","argos-doppler-shift",,"#2789898388","14118","Elephant Research - Lobeke National Park (Cameroon) - Collar 14120"
27220869803,true,2002-08-17 00:00:00.000,15.582,2.936,"B","argos-doppler-shift",,"#2789898388","14118","Elephant Research - Lobeke National Park (Cameroon) - Collar 14120"
27220869804,true,2002-08-18 00:00:00.000,15.57,2.946,"B","argos-doppler-shift",,"#2789898388","14118","Elephant Research - Lobeke National Park (Cameroon) - Collar 14120"
27220869805,true,2002-08-18 00:00:00.000,15.587,2.962,"A","argos-doppler-shift",,"#2789898388","14118","Elephant Research - Lobeke National Park (Cameroon) - Collar 14120"
27220869806,true,2002-08-19 00:00:00.000,15.57,2.95,"A","argos-doppler-shift",,"#2789898388","14118","Elephant Research - Lobeke National Park (Cameroon) - Collar 14120"
27220869807,true,2002-08-19 00:00:00.000,15.57,2.95,"A","argos-doppler-shift",,"#2789898388","14118","Elephant Research - Lobeke National Park (Cameroon) - Collar 14120"
27220869808,true,2002-08-19 00:00:00.000,15.474,2.989,"B","argos-doppler-shift",,"#2789898388","14118","Elephant Research - Lobeke National Park (Cameroon) - Collar 14120"
27220869809,true,2002-08-19 00:00:00.000,15.474,2.989,"B","argos-doppler-shift",,"#2789898388","14118","Elephant Research - Lobeke National Park (Cameroon) - Collar 14120"
27220869810,true,2002-08-19 00:00:00.000,15.589,2.942,"A","argos-doppler-shift",,"#2789898388","14118","Elephant Research - Lobeke National Park (Cameroon) - Collar 14120"
27220869811,true,2002-08-19 00:00:00.000,15.589,2.942,"A","argos-doppler-shift",,"#2789898388","14118","Elephant Research - Lobeke National Park (Cameroon) - Collar 14120"
27220869812,true,2002-08-20 00:00:00.000,15.594,2.919,"A","argos-doppler-shift",,"#2789898388","14118","Elephant Research - Lobeke National Park (Cameroon) - Collar 14120"
27220869813,true,2002-08-21 00:00:00.000,15.587,2.897,"3","argos-doppler-shift",,"#2789898388","14118","Elephant Research - Lobeke National Park (Cameroon) - Collar 14120"
27220869814,true,2002-08-21 00:00:00.000,15.602,2.891,"B","argos-doppler-shift",,"#2789898388","14118","Elephant Research - Lobeke National Park (Cameroon) - Collar 14120"
27220869815,true,2002-08-22 00:00:00.000,15.58,2.943,"B","argos-doppler-shift",,"#2789898388","14118","Elephant Research - Lobeke National Park (Cameroon) - Collar 14120"
27220869816,true,2002-08-22 00:00:00.000,15.58,2.943,"B","argos-doppler-shift",,"#2789898388","14118","Elephant Research - Lobeke National Park (Cameroon) - Collar 14120"
27220869817,true,2002-08-23 00:00:00.000,15.58,2.963,"B","argos-doppler-shift",,"#2789898388","14118","Elephant Research - Lobeke National Park (Cameroon) - Collar 14120"
27220869818,true,2002-08-23 00:00:00.000,15.58,2.963,"B","argos-doppler-shift",,"#2789898388","14118","Elephant Research - Lobeke National Park (Cameroon) - Collar 14120"
27220869819,true,2002-08-24 00:00:00.000,15.557,3.051,"A","argos-doppler-shift",,"#2789898388","14118","Elephant Research - Lobeke National Park (Cameroon) - Collar 14120"
27220869820,true,2002-08-24 00:00:00.000,15.578,3.046,"2","argos-doppler-shift",,"#2789898388","14118","Elephant Research - Lobeke National Park (Cameroon) - Collar 14120"
27220869821,true,2002-08-24 00:00:00.000,15.586,3.066,"A","argos-doppler-shift",,"#2789898388","14118","Elephant Research - Lobeke National Park (Cameroon) - Collar 14120"
27220869822,true,2002-08-25 00:00:00.000,15.466,3.101,"2","argos-doppler-shift",,"#2789898388","14118","Elephant Research - Lobeke National Park (Cameroon) - Collar 14120"
27220869823,true,2002-08-26 00:00:00.000,15.449,3.08,"B","argos-doppler-shift",,"#2789898388","14118","Elephant Research - Lobeke National Park (Cameroon) - Collar 14120"
27220869824,true,2002-08-27 00:00:00.000,15.454,3.065,"A","argos-doppler-shift",,"#2789898388","14118","Elephant Research - Lobeke National Park (Cameroon) - Collar 14120"
27220869825,true,2002-08-28 00:00:00.000,15.449,3.053,"A","argos-doppler-shift",,"#2789898388","14118","Elephant Research - Lobeke National Park (Cameroon) - Collar 14120"
27220869826,true,2002-08-28 00:00:00.000,15.462,3.044,"B","argos-doppler-shift",,"#2789898388","14118","Elephant Research - Lobeke National Park (Cameroon) - Collar 14120"
27220869827,true,2002-08-28 00:00:00.000,15.465,3.052,"3","argos-doppler-shift",,"#2789898388","14118","Elephant Research - Lobeke National Park (Cameroon) - Collar 14120"
27220869828,true,2002-08-29 00:00:00.000,15.445,3.053,"A","argos-doppler-shift",,"#2789898388","14118","Elephant Research - Lobeke National Park (Cameroon) - Collar 14120"
27220869829,true,2002-08-29 00:00:00.000,15.448,3.057,"3","argos-doppler-shift",,"#2789898388","14118","Elephant Research - Lobeke National Park (Cameroon) - Collar 14120"
27220869830,true,2002-08-31 00:00:00.000,15.431,3.109,"A","argos-doppler-shift",,"#2789898388","14118","Elephant Research - Lobeke National Park (Cameroon) - Collar 14120"
27220869831,true,2002-09-01 00:00:00.000,15.419,3.098,"B","argos-doppler-shift",,"#2789898388","14118","Elephant Research - Lobeke National Park (Cameroon) - Collar 14120"
27220869832,true,2002-09-01 00:00:00.000,15.38,3.11,"A","argos-doppler-shift",,"#2789898388","14118","Elephant Research - Lobeke National Park (Cameroon) - Collar 14120"
27220869833,true,2002-09-01 00:00:00.000,15.381,3.127,"A","argos-doppler-shift",,"#2789898388","14118","Elephant Research - Lobeke National Park (Cameroon) - Collar 14120"
27220869834,true,2002-09-02 00:00:00.000,15.359,3.141,"2","argos-doppler-shift",,"#2789898388","14118","Elephant Research - Lobeke National Park (Cameroon) - Collar 14120"
27220869835,true,2002-09-03 00:00:00.000,15.368,3.153,"2","argos-doppler-shift",,"#2789898388","14118","Elephant Research - Lobeke National Park (Cameroon) - Collar 14120"
27220869836,true,2002-09-04 00:00:00.000,15.38,3.174,"A","argos-doppler-shift",,"#2789898388","14118","Elephant Research - Lobeke National Park (Cameroon) - Collar 14120"
27220869837,true,2002-09-05 00:00:00.000,15.365,3.172,"A","argos-doppler-shift",,"#2789898388","14118","Elephant Research - Lobeke National Park (Cameroon) - Collar 14120"
27220869838,true,2002-09-06 00:00:00.000,15.348,3.179,"A","argos-doppler-shift",,"#2789898388","14118","Elephant Research - Lobeke National Park (Cameroon) - Collar 14120"
27220869839,true,2002-09-06 00:00:00.000,15.369,3.182,"A","argos-doppler-shift",,"#2789898388","14118","Elephant Research - Lobeke National Park (Cameroon) - Collar 14120"
27220869840,true,2002-09-07 00:00:00.000,15.378,3.156,"3","argos-doppler-shift",,"#2789898388","14118","Elephant Research - Lobeke National Park (Cameroon) - Collar 14120"
27220869841,true,2002-09-08 00:00:00.000,15.377,3.152,"B","argos-doppler-shift",,"#2789898388","14118","Elephant Research - Lobeke National Park (Cameroon) - Collar 14120"
27220869842,true,2002-09-08 00:00:00.000,15.385,3.154,"3","argos-doppler-shift",,"#2789898388","14118","Elephant Research - Lobeke National Park (Cameroon) - Collar 14120"
27220869843,true,2002-09-08 00:00:00.000,15.375,3.147,"B","argos-doppler-shift",,"#2789898388","14118","Elephant Research - Lobeke National Park (Cameroon) - Collar 14120"
27220869844,true,2002-09-09 00:00:00.000,15.373,3.163,"A","argos-doppler-shift",,"#2789898388","14118","Elephant Research - Lobeke National Park (Cameroon) - Collar 14120"
27220869845,true,2002-09-10 00:00:00.000,15.328,3.164,"B","argos-doppler-shift",,"#2789898388","14118","Elephant Research - Lobeke National Park (Cameroon) - Collar 14120"
27220869846,true,2002-09-10 00:00:00.000,15.456,3.148,"B","argos-doppler-shift",,"#2789898388","14118","Elephant Research - Lobeke National Park (Cameroon) - Collar 14120"
27220869847,true,2002-09-10 00:00:00.000,15.359,3.162,"A","argos-doppler-shift",,"#2789898388","14118","Elephant Research - Lobeke National Park (Cameroon) - Collar 14120"
27220869848,true,2002-09-11 00:00:00.000,15.381,3.153,"A","argos-doppler-shift",,"#2789898388","14118","Elephant Research - Lobeke National Park (Cameroon) - Collar 14120"
27220869849,true,2002-09-11 00:00:00.000,15.358,3.152,"B","argos-doppler-shift",,"#2789898388","14118","Elephant Research - Lobeke National Park (Cameroon) - Collar 14120"
27220869850,true,2002-09-11 00:00:00.000,15.359,3.152,"A","argos-doppler-shift",,"#2789898388","14118","Elephant Research - Lobeke National Park (Cameroon) - Collar 14120"
27220869851,true,2002-09-12 00:00:00.000,15.361,3.161,"3","argos-doppler-shift",,"#2789898388","14118","Elephant Research - Lobeke National Park (Cameroon) - Collar 14120"
27220869852,true,2002-09-12 00:00:00.000,15.36,3.148,"B","argos-doppler-shift",,"#2789898388","14118","Elephant Research - Lobeke National Park (Cameroon) - Collar 14120"
27220869853,true,2002-09-15 00:00:00.000,15.363,3.181,"2","argos-doppler-shift",,"#2789898388","14118","Elephant Research - Lobeke National Park (Cameroon) - Collar 14120"
27220869854,true,2002-09-15 00:00:00.000,15.371,3.182,"A","argos-doppler-shift",,"#2789898388","14118","Elephant Research - Lobeke National Park (Cameroon) - Collar 14120"
27220869855,true,2002-09-15 00:00:00.000,15.337,3.17,"B","argos-doppler-shift",,"#2789898388","14118","Elephant Research - Lobeke National Park (Cameroon) - Collar 14120"
27220869856,true,2002-09-16 00:00:00.000,15.369,3.187,"3","argos-doppler-shift",,"#2789898388","14118","Elephant Research - Lobeke National Park (Cameroon) - Collar 14120"
27220869857,true,2002-09-16 00:00:00.000,15.381,3.188,"B","argos-doppler-shift",,"#2789898388","14118","Elephant Research - Lobeke National Park (Cameroon) - Collar 14120"
27220869858,true,2002-09-17 00:00:00.000,15.368,3.167,"A","argos-doppler-shift",,"#2789898388","14118","Elephant Research - Lobeke National Park (Cameroon) - Collar 14120"
27220869859,true,2002-09-18 00:00:00.000,15.384,3.156,"2","argos-doppler-shift",,"#2789898388","14118","Elephant Research - Lobeke National Park (Cameroon) - Collar 14120"
27220869860,true,2002-09-18 00:00:00.000,15.377,3.151,"B","argos-doppler-shift",,"#2789898388","14118","Elephant Research - Lobeke National Park (Cameroon) - Collar 14120"
27220869861,true,2002-09-19 00:00:00.000,15.384,3.153,"3","argos-doppler-shift",,"#2789898388","14118","Elephant Research - Lobeke National Park (Cameroon) - Collar 14120"
27220869862,true,2002-09-19 00:00:00.000,15.371,3.155,"2","argos-doppler-shift",,"#2789898388","14118","Elephant Research - Lobeke National Park (Cameroon) - Collar 14120"
27220869863,true,2002-09-20 00:00:00.000,15.389,3.134,"A","argos-doppler-shift",,"#2789898388","14118","Elephant Research - Lobeke National Park (Cameroon) - Collar 14120"
27220869864,true,2002-09-22 00:00:00.000,15.356,3.143,"3","argos-doppler-shift",,"#2789898388","14118","Elephant Research - Lobeke National Park (Cameroon) - Collar 14120"
27220869865,true,2002-09-23 00:00:00.000,15.301,3.142,"A","argos-doppler-shift",,"#2789898388","14118","Elephant Research - Lobeke National Park (Cameroon) - Collar 14120"
27220869866,true,2002-09-24 00:00:00.000,15.369,3.163,"B","argos-doppler-shift",,"#2789898388","14118","Elephant Research - Lobeke National Park (Cameroon) - Collar 14120"
27220869867,true,2002-09-25 00:00:00.000,15.364,3.149,"B","argos-doppler-shift",,"#2789898388","14118","Elephant Research - Lobeke National Park (Cameroon) - Collar 14120"
27220869868,true,2002-09-25 00:00:00.000,15.374,3.134,"B","argos-doppler-shift",,"#2789898388","14118","Elephant Research - Lobeke National Park (Cameroon) - Collar 14120"
27220869869,true,2002-09-26 00:00:00.000,15.359,3.128,"A","argos-doppler-shift",,"#2789898388","14118","Elephant Research - Lobeke National Park (Cameroon) - Collar 14120"
27220869870,true,2002-09-27 00:00:00.000,15.368,3.098,"B","argos-doppler-shift",,"#2789898388","14118","Elephant Research - Lobeke National Park (Cameroon) - Collar 14120"
27220869871,true,2002-09-28 00:00:00.000,15.36,3.127,"A","argos-doppler-shift",,"#2789898388","14118","Elephant Research - Lobeke National Park (Cameroon) - Collar 14120"
27220869872,true,2002-09-30 00:00:00.000,15.361,3.13,"1","argos-doppler-shift",,"#2789898388","14118","Elephant Research - Lobeke National Park (Cameroon) - Collar 14120"
27220869873,true,2002-09-30 00:00:00.000,15.36,3.125,"2","argos-doppler-shift",,"#2789898388","14118","Elephant Research - Lobeke National Park (Cameroon) - Collar 14120"
27220869874,true,2002-10-01 00:00:00.000,15.376,3.108,"2","argos-doppler-shift",,"#2789898388","14118","Elephant Research - Lobeke National Park (Cameroon) - Collar 14120"
27220869875,true,2002-10-02 00:00:00.000,15.372,3.092,"B","argos-doppler-shift",,"#2789898388","14118","Elephant Research - Lobeke National Park (Cameroon) - Collar 14120"
27220869876,true,2002-10-02 00:00:00.000,15.373,3.07,"B","argos-doppler-shift",,"#2789898388","14118","Elephant Research - Lobeke National Park (Cameroon) - Collar 14120"
27220869877,true,2002-10-04 00:00:00.000,15.385,3.106,"B","argos-doppler-shift",,"#2789898388","14118","Elephant Research - Lobeke National Park (Cameroon) - Collar 14120"
27220869878,true,2002-10-08 00:00:00.000,15.352,3.066,"B","argos-doppler-shift",,"#2789898388","14118","Elephant Research - Lobeke National Park (Cameroon) - Collar 14120"
27220869879,true,2002-10-09 00:00:00.000,15.387,3.076,"B","argos-doppler-shift",,"#2789898388","14118","Elephant Research - Lobeke National Park (Cameroon) - Collar 14120"
27220869880,true,2002-10-11 00:00:00.000,15.398,3.076,"A","argos-doppler-shift",,"#2789898388","14118","Elephant Research - Lobeke National Park (Cameroon) - Collar 14120"
27220869881,true,2002-10-11 00:00:00.000,15.393,3.086,"B","argos-doppler-shift",,"#2789898388","14118","Elephant Research - Lobeke National Park (Cameroon) - Collar 14120"
27220869882,true,2002-10-11 00:00:00.000,15.395,3.076,"B","argos-doppler-shift",,"#2789898388","14118","Elephant Research - Lobeke National Park (Cameroon) - Collar 14120"
27220869883,true,2002-10-12 00:00:00.000,15.426,3.084,"B","argos-doppler-shift",,"#2789898388","14118","Elephant Research - Lobeke National Park (Cameroon) - Collar 14120"
27220869884,true,2002-10-12 00:00:00.000,15.399,3.09,"3","argos-doppler-shift",,"#2789898388","14118","Elephant Research - Lobeke National Park (Cameroon) - Collar 14120"
27220869885,true,2002-10-12 00:00:00.000,15.423,3.086,"0","argos-doppler-shift",,"#2789898388","14118","Elephant Research - Lobeke National Park (Cameroon) - Collar 14120"
27220869886,true,2002-10-12 00:00:00.000,15.42,3.086,"A","argos-doppler-shift",,"#2789898388","14118","Elephant Research - Lobeke National Park (Cameroon) - Collar 14120"
27220869887,true,2002-10-13 00:00:00.000,15.414,3.107,"A","argos-doppler-shift",,"#2789898388","14118","Elephant Research - Lobeke National Park (Cameroon) - Collar 14120"
27220869888,true,2002-10-14 00:00:00.000,15.416,3.089,"B","argos-doppler-shift",,"#2789898388","14118","Elephant Research - Lobeke National Park (Cameroon) - Collar 14120"
27220869889,true,2002-10-15 00:00:00.000,15.408,3.125,"3","argos-doppler-shift",,"#2789898388","14118","Elephant Research - Lobeke National Park (Cameroon) - Collar 14120"
27220869890,true,2002-10-16 00:00:00.000,15.486,3.035,"3","argos-doppler-shift",,"#2789898388","14118","Elephant Research - Lobeke National Park (Cameroon) - Collar 14120"
27220869891,true,2002-10-16 00:00:00.000,15.498,3.037,"B","argos-doppler-shift",,"#2789898388","14118","Elephant Research - Lobeke National Park (Cameroon) - Collar 14120"
27220869892,true,2002-10-17 00:00:00.000,15.577,2.967,"1","argos-doppler-shift",,"#2789898388","14118","Elephant Research - Lobeke National Park (Cameroon) - Collar 14120"
27220869893,true,2002-10-18 00:00:00.000,15.593,2.866,"2","argos-doppler-shift",,"#2789898388","14118","Elephant Research - Lobeke National Park (Cameroon) - Collar 14120"
27220869894,true,2002-10-18 00:00:00.000,15.615,2.845,"A","argos-doppler-shift",,"#2789898388","14118","Elephant Research - Lobeke National Park (Cameroon) - Collar 14120"
27220869895,true,2002-10-19 00:00:00.000,15.666,2.734,"2","argos-doppler-shift",,"#2789898388","14118","Elephant Research - Lobeke National Park (Cameroon) - Collar 14120"
27220869896,true,2002-10-19 00:00:00.000,15.706,2.658,"2","argos-doppler-shift",,"#2789898388","14118","Elephant Research - Lobeke National Park (Cameroon) - Collar 14120"
27220869897,true,2002-10-20 00:00:00.000,15.75,2.36,"2","argos-doppler-shift",,"#2789898388","14118","Elephant Research - Lobeke National Park (Cameroon) - Collar 14120"
27220869898,true,2002-10-20 00:00:00.000,15.743,2.331,"B","argos-doppler-shift",,"#2789898388","14118","Elephant Research - Lobeke National Park (Cameroon) - Collar 14120"
27220869899,true,2002-10-21 00:00:00.000,15.885,2.881,"B","argos-doppler-shift",,"#2789898388","14118","Elephant Research - Lobeke National Park (Cameroon) - Collar 14120"
27220869900,true,2002-10-23 00:00:00.000,15.755,2.327,"2","argos-doppler-shift",,"#2789898388","14118","Elephant Research - Lobeke National Park (Cameroon) - Collar 14120"
27220869901,true,2002-10-23 00:00:00.000,15.76,2.329,"A","argos-doppler-shift",,"#2789898388","14118","Elephant Research - Lobeke National Park (Cameroon) - Collar 14120"
27220869902,true,2002-10-25 00:00:00.000,15.752,2.359,"3","argos-doppler-shift",,"#2789898388","14118","Elephant Research - Lobeke National Park (Cameroon) - Collar 14120"
27220869903,true,2002-10-25 00:00:00.000,15.767,2.364,"B","argos-doppler-shift",,"#2789898388","14118","Elephant Research - Lobeke National Park (Cameroon) - Collar 14120"
27220869904,true,2002-10-26 00:00:00.000,15.73,2.409,"B","argos-doppler-shift",,"#2789898388","14118","Elephant Research - Lobeke National Park (Cameroon) - Collar 14120"
27220869905,true,2002-10-26 00:00:00.000,15.779,2.37,"B","argos-doppler-shift",,"#2789898388","14118","Elephant Research - Lobeke National Park (Cameroon) - Collar 14120"
27220869906,true,2002-10-27 00:00:00.000,15.764,2.378,"B","argos-doppler-shift",,"#2789898388","14118","Elephant Research - Lobeke National Park (Cameroon) - Collar 14120"
27220869907,true,2002-10-29 00:00:00.000,15.758,2.393,"3","argos-doppler-shift",,"#2789898388","14118","Elephant Research - Lobeke National Park (Cameroon) - Collar 14120"
27220869908,true,2002-10-29 00:00:00.000,15.81,2.389,"B","argos-doppler-shift",,"#2789898388","14118","Elephant Research - Lobeke National Park (Cameroon) - Collar 14120"
27220869909,true,2002-10-30 00:00:00.000,15.687,2.401,"B","argos-doppler-shift",,"#2789898388","14118","Elephant Research - Lobeke National Park (Cameroon) - Collar 14120"
27220869910,true,2002-10-30 00:00:00.000,15.789,2.403,"1","argos-doppler-shift",,"#2789898388","14118","Elephant Research - Lobeke National Park (Cameroon) - Collar 14120"
27220869911,true,2002-10-31 00:00:00.000,15.75,2.401,"A","argos-doppler-shift",,"#2789898388","14118","Elephant Research - Lobeke National Park (Cameroon) - Collar 14120"
27220869912,true,2002-10-31 00:00:00.000,15.766,2.398,"B","argos-doppler-shift",,"#2789898388","14118","Elephant Research - Lobeke National Park (Cameroon) - Collar 14120"
27220869913,true,2002-11-01 00:00:00.000,15.793,2.396,"A","argos-doppler-shift",,"#2789898388","14118","Elephant Research - Lobeke National Park (Cameroon) - Collar 14120"
27220869914,true,2002-11-02 00:00:00.000,15.772,2.437,"3","argos-doppler-shift",,"#2789898388","14118","Elephant Research - Lobeke National Park (Cameroon) - Collar 14120"
27220869915,true,2002-11-03 00:00:00.000,15.768,2.413,"A","argos-doppler-shift",,"#2789898388","14118","Elephant Research - Lobeke National Park (Cameroon) - Collar 14120"
27220869916,true,2002-11-03 00:00:00.000,15.777,2.411,"B","argos-doppler-shift",,"#2789898388","14118","Elephant Research - Lobeke National Park (Cameroon) - Collar 14120"
27220869917,true,2002-11-03 00:00:00.000,15.777,2.412,"A","argos-doppler-shift",,"#2789898388","14118","Elephant Research - Lobeke National Park (Cameroon) - Collar 14120"
27220869918,true,2002-11-04 00:00:00.000,15.764,2.399,"3","argos-doppler-shift",,"#2789898388","14118","Elephant Research - Lobeke National Park (Cameroon) - Collar 14120"
27220869919,true,2002-11-05 00:00:00.000,15.752,2.38,"B","argos-doppler-shift",,"#2789898388","14118","Elephant Research - Lobeke National Park (Cameroon) - Collar 14120"
27220869920,true,2002-11-06 00:00:00.000,15.765,2.366,"A","argos-doppler-shift",,"#2789898388","14118","Elephant Research - Lobeke National Park (Cameroon) - Collar 14120"
27220869921,true,2002-11-07 00:00:00.000,15.762,2.346,"A","argos-doppler-shift",,"#2789898388","14118","Elephant Research - Lobeke National Park (Cameroon) - Collar 14120"
27220869922,true,2002-11-08 00:00:00.000,15.831,2.347,"A","argos-doppler-shift",,"#2789898388","14118","Elephant Research - Lobeke National Park (Cameroon) - Collar 14120"
27220869923,true,2002-11-08 00:00:00.000,15.785,2.367,"2","argos-doppler-shift",,"#2789898388","14118","Elephant Research - Lobeke National Park (Cameroon) - Collar 14120"
27220869924,true,2002-11-10 00:00:00.000,15.774,2.362,"2","argos-doppler-shift",,"#2789898388","14118","Elephant Research - Lobeke National Park (Cameroon) - Collar 14120"
27220869925,true,2002-11-11 00:00:00.000,15.769,2.355,"B","argos-doppler-shift",,"#2789898388","14118","Elephant Research - Lobeke National Park (Cameroon) - Collar 14120"
27220869926,true,2002-11-11 00:00:00.000,15.789,2.328,"B","argos-doppler-shift",,"#2789898388","14118","Elephant Research - Lobeke National Park (Cameroon) - Collar 14120"
27220869927,true,2002-11-13 00:00:00.000,15.771,2.394,"A","argos-doppler-shift",,"#2789898388","14118","Elephant Research - Lobeke National Park (Cameroon) - Collar 14120"
27220869928,true,2002-11-14 00:00:00.000,15.762,2.421,"B","argos-doppler-shift",,"#2789898388","14118","Elephant Research - Lobeke National Park (Cameroon) - Collar 14120"
27220869929,true,2002-11-15 00:00:00.000,15.712,2.451,"A","argos-doppler-shift",,"#2789898388","14118","Elephant Research - Lobeke National Park (Cameroon) - Collar 14120"
27220869930,true,2002-11-15 00:00:00.000,15.755,2.455,"A","argos-doppler-shift",,"#2789898388","14118","Elephant Research - Lobeke National Park (Cameroon) - Collar 14120"
27220869931,true,2002-11-15 00:00:00.000,15.77,2.433,"B","argos-doppler-shift",,"#2789898388","14118","Elephant Research - Lobeke National Park (Cameroon) - Collar 14120"
27220869932,true,2002-11-16 00:00:00.000,15.753,2.446,"3","argos-doppler-shift",,"#2789898388","14118","Elephant Research - Lobeke National Park (Cameroon) - Collar 14120"
27220869933,true,2002-11-16 00:00:00.000,15.761,2.445,"A","argos-doppler-shift",,"#2789898388","14118","Elephant Research - Lobeke National Park (Cameroon) - Collar 14120"
27220869934,true,2002-11-16 00:00:00.000,15.745,2.443,"A","argos-doppler-shift",,"#2789898388","14118","Elephant Research - Lobeke National Park (Cameroon) - Collar 14120"
27220869935,true,2002-11-17 00:00:00.000,16.047,2.445,"B","argos-doppler-shift",,"#2789898388","14118","Elephant Research - Lobeke National Park (Cameroon) - Collar 14120"
27220869936,true,2002-11-17 00:00:00.000,15.749,2.455,"3","argos-doppler-shift",,"#2789898388","14118","Elephant Research - Lobeke National Park (Cameroon) - Collar 14120"
27220869937,true,2002-11-17 00:00:00.000,15.768,2.465,"A","argos-doppler-shift",,"#2789898388","14118","Elephant Research - Lobeke National Park (Cameroon) - Collar 14120"
27220869938,true,2002-11-18 00:00:00.000,15.749,2.458,"2","argos-doppler-shift",,"#2789898388","14118","Elephant Research - Lobeke National Park (Cameroon) - Collar 14120"
27220869939,true,2002-11-19 00:00:00.000,15.752,2.465,"B","argos-doppler-shift",,"#2789898388","14118","Elephant Research - Lobeke National Park (Cameroon) - Collar 14120"
27220869940,true,2002-11-20 00:00:00.000,15.725,2.502,"B","argos-doppler-shift",,"#2789898388","14118","Elephant Research - Lobeke National Park (Cameroon) - Collar 14120"
27220869941,true,2002-11-20 00:00:00.000,15.736,2.488,"B","argos-doppler-shift",,"#2789898388","14118","Elephant Research - Lobeke National Park (Cameroon) - Collar 14120"
27220869942,true,2002-11-21 00:00:00.000,15.744,2.583,"A","argos-doppler-shift",,"#2789898388","14118","Elephant Research - Lobeke National Park (Cameroon) - Collar 14120"
27220869943,true,2002-11-21 00:00:00.000,15.757,2.587,"B","argos-doppler-shift",,"#2789898388","14118","Elephant Research - Lobeke National Park (Cameroon) - Collar 14120"
27220869944,true,2002-11-21 00:00:00.000,15.755,2.581,"A","argos-doppler-shift",,"#2789898388","14118","Elephant Research - Lobeke National Park (Cameroon) - Collar 14120"
27220869945,true,2002-11-21 00:00:00.000,15.747,2.571,"A","argos-doppler-shift",,"#2789898388","14118","Elephant Research - Lobeke National Park (Cameroon) - Collar 14120"
27220869946,true,2002-11-21 00:00:00.000,15.752,2.585,"A","argos-doppler-shift",,"#2789898388","14118","Elephant Research - Lobeke National Park (Cameroon) - Collar 14120"
27220869947,true,2002-11-22 00:00:00.000,15.697,2.656,"2","argos-doppler-shift",,"#2789898388","14118","Elephant Research - Lobeke National Park (Cameroon) - Collar 14120"
27220869948,true,2002-11-22 00:00:00.000,15.735,2.657,"B","argos-doppler-shift",,"#2789898388","14118","Elephant Research - Lobeke National Park (Cameroon) - Collar 14120"
27220869949,true,2002-11-23 00:00:00.000,15.701,2.718,"3","argos-doppler-shift",,"#2789898388","14118","Elephant Research - Lobeke National Park (Cameroon) - Collar 14120"
27220869950,true,2002-11-23 00:00:00.000,15.692,2.723,"A","argos-doppler-shift",,"#2789898388","14118","Elephant Research - Lobeke National Park (Cameroon) - Collar 14120"
27220869951,true,2002-11-24 00:00:00.000,15.685,2.714,"A","argos-doppler-shift",,"#2789898388","14118","Elephant Research - Lobeke National Park (Cameroon) - Collar 14120"
27220869952,true,2002-11-24 00:00:00.000,15.677,2.714,"A","argos-doppler-shift",,"#2789898388","14118","Elephant Research - Lobeke National Park (Cameroon) - Collar 14120"
27220869953,true,2002-11-25 00:00:00.000,15.66,2.747,"3","argos-doppler-shift",,"#2789898388","14118","Elephant Research - Lobeke National Park (Cameroon) - Collar 14120"
27220869954,true,2002-11-25 00:00:00.000,15.651,2.75,"2","argos-doppler-shift",,"#2789898388","14118","Elephant Research - Lobeke National Park (Cameroon) - Collar 14120"
27220869955,true,2002-11-26 00:00:00.000,15.669,2.781,"2","argos-doppler-shift",,"#2789898388","14118","Elephant Research - Lobeke National Park (Cameroon) - Collar 14120"
27220869956,true,2002-11-27 00:00:00.000,15.66,2.778,"A","argos-doppler-shift",,"#2789898388","14118","Elephant Research - Lobeke National Park (Cameroon) - Collar 14120"
27220869957,true,2002-11-27 00:00:00.000,15.672,2.777,"B","argos-doppler-shift",,"#2789898388","14118","Elephant Research - Lobeke National Park (Cameroon) - Collar 14120"
27220869958,true,2002-11-28 00:00:00.000,15.667,2.762,"2","argos-doppler-shift",,"#2789898388","14118","Elephant Research - Lobeke National Park (Cameroon) - Collar 14120"
27220869959,true,2002-11-29 00:00:00.000,15.664,2.753,"A","argos-doppler-shift",,"#2789898388","14118","Elephant Research - Lobeke National Park (Cameroon) - Collar 14120"
27220869960,true,2002-11-30 00:00:00.000,15.635,2.76,"1","argos-doppler-shift",,"#2789898388","14118","Elephant Research - Lobeke National Park (Cameroon) - Collar 14120"
27220869961,true,2002-11-30 00:00:00.000,15.664,2.756,"2","argos-doppler-shift",,"#2789898388","14118","Elephant Research - Lobeke National Park (Cameroon) - Collar 14120"
27220869962,true,2002-12-01 00:00:00.000,15.659,2.761,"B","argos-doppler-shift",,"#2789898388","14118","Elephant Research - Lobeke National Park (Cameroon) - Collar 14120"
27220869963,true,2002-12-01 00:00:00.000,15.647,2.77,"A","argos-doppler-shift",,"#2789898388","14118","Elephant Research - Lobeke National Park (Cameroon) - Collar 14120"
27220869964,true,2002-12-02 00:00:00.000,15.652,2.76,"B","argos-doppler-shift",,"#2789898388","14118","Elephant Research - Lobeke National Park (Cameroon) - Collar 14120"
27220869965,true,2002-12-03 00:00:00.000,15.643,2.783,"3","argos-doppler-shift",,"#2789898388","14118","Elephant Research - Lobeke National Park (Cameroon) - Collar 14120"
27220869966,true,2002-12-04 00:00:00.000,15.641,2.782,"2","argos-doppler-shift",,"#2789898388","14118","Elephant Research - Lobeke National Park (Cameroon) - Collar 14120"
27220869967,true,2002-12-04 00:00:00.000,15.634,2.78,"A","argos-doppler-shift",,"#2789898388","14118","Elephant Research - Lobeke National Park (Cameroon) - Collar 14120"
27220869968,true,2002-12-05 00:00:00.000,15.657,2.805,"B","argos-doppler-shift",,"#2789898388","14118","Elephant Research - Lobeke National Park (Cameroon) - Collar 14120"
27220869969,true,2002-12-05 00:00:00.000,15.698,2.812,"1","argos-doppler-shift",,"#2789898388","14118","Elephant Research - Lobeke National Park (Cameroon) - Collar 14120"
27220869970,true,2002-12-05 00:00:00.000,15.671,2.812,"3","argos-doppler-shift",,"#2789898388","14118","Elephant Research - Lobeke National Park (Cameroon) - Collar 14120"
27220869971,true,2002-12-06 00:00:00.000,15.664,2.801,"B","argos-doppler-shift",,"#2789898388","14118","Elephant Research - Lobeke National Park (Cameroon) - Collar 14120"
27220869972,true,2002-12-06 00:00:00.000,15.723,2.817,"B","argos-doppler-shift",,"#2789898388","14118","Elephant Research - Lobeke National Park (Cameroon) - Collar 14120"
27220869973,true,2002-12-06 00:00:00.000,15.663,2.818,"A","argos-doppler-shift",,"#2789898388","14118","Elephant Research - Lobeke National Park (Cameroon) - Collar 14120"
27220869974,true,2002-12-08 00:00:00.000,15.668,2.788,"1","argos-doppler-shift",,"#2789898388","14118","Elephant Research - Lobeke National Park (Cameroon) - Collar 14120"
27220869975,true,2002-12-08 00:00:00.000,15.656,2.792,"2","argos-doppler-shift",,"#2789898388","14118","Elephant Research - Lobeke National Park (Cameroon) - Collar 14120"
27220869976,true,2002-12-09 00:00:00.000,15.591,2.831,"B","argos-doppler-shift",,"#2789898388","14118","Elephant Research - Lobeke National Park (Cameroon) - Collar 14120"
27220869977,true,2002-12-09 00:00:00.000,15.591,2.831,"B","argos-doppler-shift",,"#2789898388","14118","Elephant Research - Lobeke National Park (Cameroon) - Collar 14120"
27220869978,true,2002-12-12 00:00:00.000,15.675,2.807,"2","argos-doppler-shift",,"#2789898388","14118","Elephant Research - Lobeke National Park (Cameroon) - Collar 14120"
27220869979,true,2002-12-12 00:00:00.000,15.671,2.805,"B","argos-doppler-shift",,"#2789898388","14118","Elephant Research - Lobeke National Park (Cameroon) - Collar 14120"
27220869980,true,2002-12-12 00:00:00.000,15.67,2.811,"3","argos-doppler-shift",,"#2789898388","14118","Elephant Research - Lobeke National Park (Cameroon) - Collar 14120"
27220869981,true,2002-12-13 00:00:00.000,15.675,2.81,"A","argos-doppler-shift",,"#2789898388","14118","Elephant Research - Lobeke National Park (Cameroon) - Collar 14120"
27220869982,true,2002-12-13 00:00:00.000,15.714,2.814,"B","argos-doppler-shift",,"#2789898388","14118","Elephant Research - Lobeke National Park (Cameroon) - Collar 14120"
27220869983,true,2002-12-14 00:00:00.000,15.38,2.856,"B","argos-doppler-shift",,"#2789898388","14118","Elephant Research - Lobeke National Park (Cameroon) - Collar 14120"
27220869984,true,2002-12-14 00:00:00.000,15.669,2.791,"B","argos-doppler-shift",,"#2789898388","14118","Elephant Research - Lobeke National Park (Cameroon) - Collar 14120"
27220869985,true,2002-12-15 00:00:00.000,15.648,2.788,"A","argos-doppler-shift",,"#2789898388","14118","Elephant Research - Lobeke National Park (Cameroon) - Collar 14120"
27220869986,true,2002-12-15 00:00:00.000,15.68,2.784,"3","argos-doppler-shift",,"#2789898388","14118","Elephant Research - Lobeke National Park (Cameroon) - Collar 14120"
27220869987,true,2002-12-16 00:00:00.000,15.674,2.791,"3","argos-doppler-shift",,"#2789898388","14118","Elephant Research - Lobeke National Park (Cameroon) - Collar 14120"
27220869988,true,2002-12-16 00:00:00.000,15.678,2.774,"B","argos-doppler-shift",,"#2789898388","14118","Elephant Research - Lobeke National Park (Cameroon) - Collar 14120"
27220869989,true,2002-12-17 00:00:00.000,15.641,2.8,"A","argos-doppler-shift",,"#2789898388","14118","Elephant Research - Lobeke National Park (Cameroon) - Collar 14120"
27220869990,true,2002-12-17 00:00:00.000,15.635,2.804,"A","argos-doppler-shift",,"#2789898388","14118","Elephant Research - Lobeke National Park (Cameroon) - Collar 14120"
27220869991,true,2002-12-18 00:00:00.000,15.64,2.786,"B","argos-doppler-shift",,"#2789898388","14118","Elephant Research - Lobeke National Park (Cameroon) - Collar 14120"
27220869992,true,2002-12-18 00:00:00.000,15.66,2.773,"B","argos-doppler-shift",,"#2789898388","14118","Elephant Research - Lobeke National Park (Cameroon) - Collar 14120"
27220869993,true,2002-12-18 00:00:00.000,15.652,2.768,"B","argos-doppler-shift",,"#2789898388","14118","Elephant Research - Lobeke National Park (Cameroon) - Collar 14120"
27220869994,true,2002-12-20 00:00:00.000,15.641,2.766,"B","argos-doppler-shift",,"#2789898388","14118","Elephant Research - Lobeke National Park (Cameroon) - Collar 14120"
27220869995,true,2002-12-21 00:00:00.000,15.637,2.777,"3","argos-doppler-shift",,"#2789898388","14118","Elephant Research - Lobeke National Park (Cameroon) - Collar 14120"
27220869996,true,2002-12-21 00:00:00.000,15.652,2.785,"2","argos-doppler-shift",,"#2789898388","14118","Elephant Research - Lobeke National Park (Cameroon) - Collar 14120"
27220869997,true,2002-12-22 00:00:00.000,15.629,2.79,"2","argos-doppler-shift",,"#2789898388","14118","Elephant Research - Lobeke National Park (Cameroon) - Collar 14120"
27220869998,true,2002-12-23 00:00:00.000,15.657,2.799,"A","argos-doppler-shift",,"#2789898388","14118","Elephant Research - Lobeke National Park (Cameroon) - Collar 14120"
27220869999,true,2002-12-23 00:00:00.000,15.697,2.807,"B","argos-doppler-shift",,"#2789898388","14118","Elephant Research - Lobeke National Park (Cameroon) - Collar 14120"
27220870000,true,2002-12-24 00:00:00.000,15.646,2.812,"A","argos-doppler-shift",,"#2789898388","14118","Elephant Research - Lobeke National Park (Cameroon) - Collar 14120"
27220870001,true,2002-12-26 00:00:00.000,15.632,2.812,"B","argos-doppler-shift",,"#2789898388","14118","Elephant Research - Lobeke National Park (Cameroon) - Collar 14120"
27220870002,true,2002-12-26 00:00:00.000,15.637,2.809,"2","argos-doppler-shift",,"#2789898388","14118","Elephant Research - Lobeke National Park (Cameroon) - Collar 14120"
27220870003,true,2002-12-27 00:00:00.000,15.606,2.822,"B","argos-doppler-shift",,"#2789898388","14118","Elephant Research - Lobeke National Park (Cameroon) - Collar 14120"
27220870004,true,2002-12-27 00:00:00.000,15.638,2.806,"3","argos-doppler-shift",,"#2789898388","14118","Elephant Research - Lobeke National Park (Cameroon) - Collar 14120"
27220870005,true,2002-12-28 00:00:00.000,15.631,2.788,"B","argos-doppler-shift",,"#2789898388","14118","Elephant Research - Lobeke National Park (Cameroon) - Collar 14120"
27220870006,true,2002-12-29 00:00:00.000,15.678,2.769,"B","argos-doppler-shift",,"#2789898388","14118","Elephant Research - Lobeke National Park (Cameroon) - Collar 14120"
27220870007,true,2002-12-29 00:00:00.000,15.634,2.77,"1","argos-doppler-shift",,"#2789898388","14118","Elephant Research - Lobeke National Park (Cameroon) - Collar 14120"
27220870008,true,2002-12-29 00:00:00.000,15.657,2.779,"B","argos-doppler-shift",,"#2789898388","14118","Elephant Research - Lobeke National Park (Cameroon) - Collar 14120"
27220870009,true,2002-12-30 00:00:00.000,15.652,2.788,"2","argos-doppler-shift",,"#2789898388","14118","Elephant Research - Lobeke National Park (Cameroon) - Collar 14120"
27220870010,true,2002-12-30 00:00:00.000,15.643,2.785,"3","argos-doppler-shift",,"#2789898388","14118","Elephant Research - Lobeke National Park (Cameroon) - Collar 14120"
27220870011,true,2002-12-31 00:00:00.000,15.64,2.776,"1","argos-doppler-shift",,"#2789898388","14118","Elephant Research - Lobeke National Park (Cameroon) - Collar 14120"
27220870012,true,2002-12-31 00:00:00.000,15.64,2.776,"1","argos-doppler-shift",,"#2789898388","14118","Elephant Research - Lobeke National Park (Cameroon) - Collar 14120"
27220870013,true,2002-12-31 00:00:00.000,15.66,2.791,"B","argos-doppler-shift",,"#2789898388","14118","Elephant Research - Lobeke National Park (Cameroon) - Collar 14120"
27220870014,true,2002-12-31 00:00:00.000,15.66,2.791,"B","argos-doppler-shift",,"#2789898388","14118","Elephant Research - Lobeke National Park (Cameroon) - Collar 14120"
27220870015,true,2003-01-02 00:00:00.000,15.659,2.765,"3","argos-doppler-shift",,"#2789898388","14118","Elephant Research - Lobeke National Park (Cameroon) - Collar 14120"
27220870016,true,2003-01-03 00:00:00.000,15.654,2.757,"B","argos-doppler-shift",,"#2789898388","14118","Elephant Research - Lobeke National Park (Cameroon) - Collar 14120"
27220870017,true,2003-01-03 00:00:00.000,15.665,2.765,"B","argos-doppler-shift",,"#2789898388","14118","Elephant Research - Lobeke National Park (Cameroon) - Collar 14120"
27220870018,true,2003-01-03 00:00:00.000,15.657,2.764,"3","argos-doppler-shift",,"#2789898388","14118","Elephant Research - Lobeke National Park (Cameroon) - Collar 14120"
27220870019,true,2003-01-04 00:00:00.000,15.655,2.76,"2","argos-doppler-shift",,"#2789898388","14118","Elephant Research - Lobeke National Park (Cameroon) - Collar 14120"
27220870020,true,2003-01-06 00:00:00.000,15.687,2.721,"3","argos-doppler-shift",,"#2789898388","14118","Elephant Research - Lobeke National Park (Cameroon) - Collar 14120"
27220870021,true,2003-01-06 00:00:00.000,15.675,2.726,"B","argos-doppler-shift",,"#2789898388","14118","Elephant Research - Lobeke National Park (Cameroon) - Collar 14120"
27220870022,true,2003-01-07 00:00:00.000,15.674,2.721,"A","argos-doppler-shift",,"#2789898388","14118","Elephant Research - Lobeke National Park (Cameroon) - Collar 14120"
27220870023,true,2003-01-07 00:00:00.000,15.671,2.708,"2","argos-doppler-shift",,"#2789898388","14118","Elephant Research - Lobeke National Park (Cameroon) - Collar 14120"
27220870024,true,2003-01-08 00:00:00.000,15.686,2.699,"B","argos-doppler-shift",,"#2789898388","14118","Elephant Research - Lobeke National Park (Cameroon) - Collar 14120"
27220870025,true,2003-01-09 00:00:00.000,15.692,2.679,"A","argos-doppler-shift",,"#2789898388","14118","Elephant Research - Lobeke National Park (Cameroon) - Collar 14120"
27220870026,true,2003-01-09 00:00:00.000,15.678,2.672,"3","argos-doppler-shift",,"#2789898388","14118","Elephant Research - Lobeke National Park (Cameroon) - Collar 14120"
27220870027,true,2003-01-10 00:00:00.000,15.772,2.606,"1","argos-doppler-shift",,"#2789898388","14118","Elephant Research - Lobeke National Park (Cameroon) - Collar 14120"
27220870028,true,2003-01-11 00:00:00.000,15.783,2.378,"B","argos-doppler-shift",,"#2789898388","14118","Elephant Research - Lobeke National Park (Cameroon) - Collar 14120"
27220870029,true,2003-01-12 00:00:00.000,15.747,2.317,"B","argos-doppler-shift",,"#2789898388","14118","Elephant Research - Lobeke National Park (Cameroon) - Collar 14120"
27220870030,true,2003-01-12 00:00:00.000,15.743,2.348,"2","argos-doppler-shift",,"#2789898388","14118","Elephant Research - Lobeke National Park (Cameroon) - Collar 14120"
27220870031,true,2003-01-12 00:00:00.000,15.766,2.345,"3","argos-doppler-shift",,"#2789898388","14118","Elephant Research - Lobeke National Park (Cameroon) - Collar 14120"
27220870032,true,2003-01-13 00:00:00.000,15.719,2.328,"B","argos-doppler-shift",,"#2789898388","14118","Elephant Research - Lobeke National Park (Cameroon) - Collar 14120"
27220870033,true,2003-01-13 00:00:00.000,15.781,2.342,"A","argos-doppler-shift",,"#2789898388","14118","Elephant Research - Lobeke National Park (Cameroon) - Collar 14120"
27220870034,true,2003-01-13 00:00:00.000,15.788,2.308,"B","argos-doppler-shift",,"#2789898388","14118","Elephant Research - Lobeke National Park (Cameroon) - Collar 14120"
27220870035,true,2003-01-14 00:00:00.000,15.77,2.406,"3","argos-doppler-shift",,"#2789898388","14118","Elephant Research - Lobeke National Park (Cameroon) - Collar 14120"
27220870036,true,2003-01-14 00:00:00.000,15.764,2.426,"2","argos-doppler-shift",,"#2789898388","14118","Elephant Research - Lobeke National Park (Cameroon) - Collar 14120"
27220870037,true,2003-01-16 00:00:00.000,15.735,2.453,"A","argos-doppler-shift",,"#2789898388","14118","Elephant Research - Lobeke National Park (Cameroon) - Collar 14120"
27220870038,true,2003-01-17 00:00:00.000,15.725,2.467,"2","argos-doppler-shift",,"#2789898388","14118","Elephant Research - Lobeke National Park (Cameroon) - Collar 14120"
27220870039,true,2003-01-17 00:00:00.000,15.73,2.47,"3","argos-doppler-shift",,"#2789898388","14118","Elephant Research - Lobeke National Park (Cameroon) - Collar 14120"
27220870040,true,2003-01-18 00:00:00.000,15.73,2.587,"2","argos-doppler-shift",,"#2789898388","14118","Elephant Research - Lobeke National Park (Cameroon) - Collar 14120"
27220870041,true,2003-01-18 00:00:00.000,15.745,2.581,"3","argos-doppler-shift",,"#2789898388","14118","Elephant Research - Lobeke National Park (Cameroon) - Collar 14120"
27220870042,true,2003-01-18 00:00:00.000,15.737,2.575,"2","argos-doppler-shift",,"#2789898388","14118","Elephant Research - Lobeke National Park (Cameroon) - Collar 14120"
27220870043,true,2003-01-19 00:00:00.000,15.711,2.667,"A","argos-doppler-shift",,"#2789898388","14118","Elephant Research - Lobeke National Park (Cameroon) - Collar 14120"
27220870044,true,2003-01-19 00:00:00.000,15.765,2.686,"1","argos-doppler-shift",,"#2789898388","14118","Elephant Research - Lobeke National Park (Cameroon) - Collar 14120"
27220870045,true,2003-01-20 00:00:00.000,15.724,2.698,"B","argos-doppler-shift",,"#2789898388","14118","Elephant Research - Lobeke National Park (Cameroon) - Collar 14120"
27220870046,true,2003-01-21 00:00:00.000,15.67,2.717,"B","argos-doppler-shift",,"#2789898388","14118","Elephant Research - Lobeke National Park (Cameroon) - Collar 14120"
27220870047,true,2003-01-21 00:00:00.000,15.686,2.706,"B","argos-doppler-shift",,"#2789898388","14118","Elephant Research - Lobeke National Park (Cameroon) - Collar 14120"
27220870048,true,2003-01-21 00:00:00.000,15.69,2.708,"A","argos-doppler-shift",,"#2789898388","14118","Elephant Research - Lobeke National Park (Cameroon) - Collar 14120"
27220870049,true,2003-01-22 00:00:00.000,15.684,2.698,"B","argos-doppler-shift",,"#2789898388","14118","Elephant Research - Lobeke National Park (Cameroon) - Collar 14120"
27220870050,true,2003-01-22 00:00:00.000,15.684,2.698,"B","argos-doppler-shift",,"#2789898388","14118","Elephant Research - Lobeke National Park (Cameroon) - Collar 14120"
27220870051,true,2003-01-22 00:00:00.000,15.675,2.698,"A","argos-doppler-shift",,"#2789898388","14118","Elephant Research - Lobeke National Park (Cameroon) - Collar 14120"
27220870052,true,2003-01-22 00:00:00.000,15.675,2.698,"A","argos-doppler-shift",,"#2789898388","14118","Elephant Research - Lobeke National Park (Cameroon) - Collar 14120"
27220870053,true,2003-01-22 00:00:00.000,15.685,2.72,"3","argos-doppler-shift",,"#2789898388","14118","Elephant Research - Lobeke National Park (Cameroon) - Collar 14120"
27220870054,true,2003-01-22 00:00:00.000,15.685,2.72,"3","argos-doppler-shift",,"#2789898388","14118","Elephant Research - Lobeke National Park (Cameroon) - Collar 14120"
27220870055,true,2003-01-23 00:00:00.000,15.658,2.804,"B","argos-doppler-shift",,"#2789898388","14118","Elephant Research - Lobeke National Park (Cameroon) - Collar 14120"
27220870056,true,2003-01-25 00:00:00.000,15.639,2.805,"A","argos-doppler-shift",,"#2789898388","14118","Elephant Research - Lobeke National Park (Cameroon) - Collar 14120"
27220870057,true,2003-01-26 00:00:00.000,15.629,2.806,"B","argos-doppler-shift",,"#2789898388","14118","Elephant Research - Lobeke National Park (Cameroon) - Collar 14120"
27220870058,true,2003-01-26 00:00:00.000,15.626,2.81,"A","argos-doppler-shift",,"#2789898388","14118","Elephant Research - Lobeke National Park (Cameroon) - Collar 14120"
27220870059,true,2003-01-27 00:00:00.000,15.61,2.809,"2","argos-doppler-shift",,"#2789898388","14118","Elephant Research - Lobeke National Park (Cameroon) - Collar 14120"
27220870060,true,2003-01-27 00:00:00.000,15.666,2.796,"0","argos-doppler-shift",,"#2789898388","14118","Elephant Research - Lobeke National Park (Cameroon) - Collar 14120"
27220870061,true,2003-01-27 00:00:00.000,15.609,2.8,"A","argos-doppler-shift",,"#2789898388","14118","Elephant Research - Lobeke National Park (Cameroon) - Collar 14120"
27220870062,true,2003-01-28 00:00:00.000,15.54,2.845,"B","argos-doppler-shift",,"#2789898388","14118","Elephant Research - Lobeke National Park (Cameroon) - Collar 14120"
27220870063,true,2003-01-28 00:00:00.000,15.659,2.822,"A","argos-doppler-shift",,"#2789898388","14118","Elephant Research - Lobeke National Park (Cameroon) - Collar 14120"
27220870064,true,2003-01-29 00:00:00.000,15.625,2.813,"3","argos-doppler-shift",,"#2789898388","14118","Elephant Research - Lobeke National Park (Cameroon) - Collar 14120"
27220870065,true,2003-01-30 00:00:00.000,15.621,2.809,"B","argos-doppler-shift",,"#2789898388","14118","Elephant Research - Lobeke National Park (Cameroon) - Collar 14120"
27220870066,true,2003-01-30 00:00:00.000,15.641,2.832,"B","argos-doppler-shift",,"#2789898388","14118","Elephant Research - Lobeke National Park (Cameroon) - Collar 14120"
27220870067,true,2003-01-31 00:00:00.000,15.558,2.946,"1","argos-doppler-shift",,"#2789898388","14118","Elephant Research - Lobeke National Park (Cameroon) - Collar 14120"
27220870068,true,2003-01-31 00:00:00.000,15.582,2.959,"A","argos-doppler-shift",,"#2789898388","14118","Elephant Research - Lobeke National Park (Cameroon) - Collar 14120"
27220870069,true,2003-01-31 00:00:00.000,15.544,2.98,"A","argos-doppler-shift",,"#2789898388","14118","Elephant Research - Lobeke National Park (Cameroon) - Collar 14120"
27220870070,true,2003-02-01 00:00:00.000,15.509,3.027,"B","argos-doppler-shift",,"#2789898388","14118","Elephant Research - Lobeke National Park (Cameroon) - Collar 14120"
27220870071,true,2003-02-01 00:00:00.000,15.519,2.989,"B","argos-doppler-shift",,"#2789898388","14118","Elephant Research - Lobeke National Park (Cameroon) - Collar 14120"
27220870072,true,2003-02-03 00:00:00.000,15.486,2.993,"B","argos-doppler-shift",,"#2789898388","14118","Elephant Research - Lobeke National Park (Cameroon) - Collar 14120"
27220870073,true,2003-02-03 00:00:00.000,15.44,2.981,"A","argos-doppler-shift",,"#2789898388","14118","Elephant Research - Lobeke National Park (Cameroon) - Collar 14120"
27220870074,true,2003-02-04 00:00:00.000,15.449,2.991,"3","argos-doppler-shift",,"#2789898388","14118","Elephant Research - Lobeke National Park (Cameroon) - Collar 14120"
27220870075,true,2003-02-04 00:00:00.000,15.46,2.989,"A","argos-doppler-shift",,"#2789898388","14118","Elephant Research - Lobeke National Park (Cameroon) - Collar 14120"
27220870076,true,2003-02-04 00:00:00.000,15.519,2.987,"B","argos-doppler-shift",,"#2789898388","14118","Elephant Research - Lobeke National Park (Cameroon) - Collar 14120"
27220870077,true,2003-02-05 00:00:00.000,15.531,2.962,"B","argos-doppler-shift",,"#2789898388","14118","Elephant Research - Lobeke National Park (Cameroon) - Collar 14120"
27220870078,true,2003-02-05 00:00:00.000,15.434,2.979,"1","argos-doppler-shift",,"#2789898388","14118","Elephant Research - Lobeke National Park (Cameroon) - Collar 14120"
27220870079,true,2003-02-06 00:00:00.000,15.43,2.977,"B","argos-doppler-shift",,"#2789898388","14118","Elephant Research - Lobeke National Park (Cameroon) - Collar 14120"
27220870080,true,2003-02-07 00:00:00.000,15.453,2.988,"3","argos-doppler-shift",,"#2789898388","14118","Elephant Research - Lobeke National Park (Cameroon) - Collar 14120"
27220870081,true,2003-02-08 00:00:00.000,15.447,2.978,"2","argos-doppler-shift",,"#2789898388","14118","Elephant Research - Lobeke National Park (Cameroon) - Collar 14120"
27220870082,true,2003-02-08 00:00:00.000,15.447,2.98,"2","argos-doppler-shift",,"#2789898388","14118","Elephant Research - Lobeke National Park (Cameroon) - Collar 14120"
27220870083,true,2003-02-08 00:00:00.000,15.457,2.972,"B","argos-doppler-shift",,"#2789898388","14118","Elephant Research - Lobeke National Park (Cameroon) - Collar 14120"
27220870084,true,2003-02-09 00:00:00.000,15.396,2.963,"B","argos-doppler-shift",,"#2789898388","14118","Elephant Research - Lobeke National Park (Cameroon) - Collar 14120"
27220870085,true,2003-02-09 00:00:00.000,15.46,2.965,"3","argos-doppler-shift",,"#2789898388","14118","Elephant Research - Lobeke National Park (Cameroon) - Collar 14120"
27220870086,true,2003-02-10 00:00:00.000,15.379,2.97,"A","argos-doppler-shift",,"#2789898388","14118","Elephant Research - Lobeke National Park (Cameroon) - Collar 14120"
27220870087,true,2003-02-11 00:00:00.000,15.444,2.973,"B","argos-doppler-shift",,"#2789898388","14118","Elephant Research - Lobeke National Park (Cameroon) - Collar 14120"
27220870088,true,2003-02-13 00:00:00.000,15.431,2.991,"B","argos-doppler-shift",,"#2789898388","14118","Elephant Research - Lobeke National Park (Cameroon) - Collar 14120"
27220870089,true,2003-02-13 00:00:00.000,15.415,2.99,"B","argos-doppler-shift",,"#2789898388","14118","Elephant Research - Lobeke National Park (Cameroon) - Collar 14120"
27220870090,true,2003-02-14 00:00:00.000,15.402,3.005,"B","argos-doppler-shift",,"#2789898388","14118","Elephant Research - Lobeke National Park (Cameroon) - Collar 14120"
27220870091,true,2003-02-14 00:00:00.000,15.418,3.002,"A","argos-doppler-shift",,"#2789898388","14118","Elephant Research - Lobeke National Park (Cameroon) - Collar 14120"
27220870092,true,2003-02-15 00:00:00.000,15.446,3.01,"A","argos-doppler-shift",,"#2789898388","14118","Elephant Research - Lobeke National Park (Cameroon) - Collar 14120"
27220870093,true,2003-02-15 00:00:00.000,15.416,3.002,"B","argos-doppler-shift",,"#2789898388","14118","Elephant Research - Lobeke National Park (Cameroon) - Collar 14120"
27220870094,true,2003-02-16 00:00:00.000,15.426,3.001,"B","argos-doppler-shift",,"#2789898388","14118","Elephant Research - Lobeke National Park (Cameroon) - Collar 14120"
27220870095,true,2003-02-16 00:00:00.000,15.422,3.007,"3","argos-doppler-shift",,"#2789898388","14118","Elephant Research - Lobeke National Park (Cameroon) - Collar 14120"
27220870096,true,2003-02-17 00:00:00.000,15.422,3.003,"1","argos-doppler-shift",,"#2789898388","14118","Elephant Research - Lobeke National Park (Cameroon) - Collar 14120"
27220870097,true,2003-02-17 00:00:00.000,15.379,3.01,"1","argos-doppler-shift",,"#2789898388","14118","Elephant Research - Lobeke National Park (Cameroon) - Collar 14120"
27220870098,true,2003-02-17 00:00:00.000,15.414,3.002,"A","argos-doppler-shift",,"#2789898388","14118","Elephant Research - Lobeke National Park (Cameroon) - Collar 14120"
27220870099,true,2003-02-18 00:00:00.000,15.429,3.012,"B","argos-doppler-shift",,"#2789898388","14118","Elephant Research - Lobeke National Park (Cameroon) - Collar 14120"
27220870100,true,2003-02-18 00:00:00.000,15.431,2.999,"3","argos-doppler-shift",,"#2789898388","14118","Elephant Research - Lobeke National Park (Cameroon) - Collar 14120"
27220870101,true,2003-02-18 00:00:00.000,15.386,2.981,"B","argos-doppler-shift",,"#2789898388","14118","Elephant Research - Lobeke National Park (Cameroon) - Collar 14120"
27220870102,true,2003-02-21 00:00:00.000,15.438,3.05,"3","argos-doppler-shift",,"#2789898388","14118","Elephant Research - Lobeke National Park (Cameroon) - Collar 14120"
27220870103,true,2003-02-22 00:00:00.000,15.415,3.05,"3","argos-doppler-shift",,"#2789898388","14118","Elephant Research - Lobeke National Park (Cameroon) - Collar 14120"
27220870104,true,2003-02-22 00:00:00.000,15.412,3.044,"A","argos-doppler-shift",,"#2789898388","14118","Elephant Research - Lobeke National Park (Cameroon) - Collar 14120"
27220870105,true,2003-02-23 00:00:00.000,15.373,3.05,"B","argos-doppler-shift",,"#2789898388","14118","Elephant Research - Lobeke National Park (Cameroon) - Collar 14120"
27220870106,true,2003-02-23 00:00:00.000,15.373,3.05,"B","argos-doppler-shift",,"#2789898388","14118","Elephant Research - Lobeke National Park (Cameroon) - Collar 14120"
27220870107,true,2003-02-23 00:00:00.000,15.391,3.032,"2","argos-doppler-shift",,"#2789898388","14118","Elephant Research - Lobeke National Park (Cameroon) - Collar 14120"
27220870108,true,2003-02-23 00:00:00.000,15.391,3.032,"2","argos-doppler-shift",,"#2789898388","14118","Elephant Research - Lobeke National Park (Cameroon) - Collar 14120"
27220870109,true,2003-02-24 00:00:00.000,15.441,3.052,"2","argos-doppler-shift",,"#2789898388","14118","Elephant Research - Lobeke National Park (Cameroon) - Collar 14120"
27220870110,true,2003-02-24 00:00:00.000,15.441,3.052,"2","argos-doppler-shift",,"#2789898388","14118","Elephant Research - Lobeke National Park (Cameroon) - Collar 14120"
27220870111,true,2003-02-24 00:00:00.000,15.441,3.052,"2","argos-doppler-shift",,"#2789898388","14118","Elephant Research - Lobeke National Park (Cameroon) - Collar 14120"
27220870112,true,2003-02-26 00:00:00.000,15.418,3.02,"B","argos-doppler-shift",,"#2789898388","14118","Elephant Research - Lobeke National Park (Cameroon) - Collar 14120"
27220870113,true,2003-02-26 00:00:00.000,15.425,3.019,"B","argos-doppler-shift",,"#2789898388","14118","Elephant Research - Lobeke National Park (Cameroon) - Collar 14120"
27220870114,true,2003-02-26 00:00:00.000,15.43,3.029,"A","argos-doppler-shift",,"#2789898388","14118","Elephant Research - Lobeke National Park (Cameroon) - Collar 14120"
27220870115,true,2003-02-27 00:00:00.000,15.399,3.026,"3","argos-doppler-shift",,"#2789898388","14118","Elephant Research - Lobeke National Park (Cameroon) - Collar 14120"
27220870116,true,2003-02-27 00:00:00.000,15.418,3.015,"2","argos-doppler-shift",,"#2789898388","14118","Elephant Research - Lobeke National Park (Cameroon) - Collar 14120"
27220870117,true,2003-03-01 00:00:00.000,15.388,3.016,"A","argos-doppler-shift",,"#2789898388","14118","Elephant Research - Lobeke National Park (Cameroon) - Collar 14120"
27220870118,true,2003-03-03 00:00:00.000,15.388,3.019,"3","argos-doppler-shift",,"#2789898388","14118","Elephant Research - Lobeke National Park (Cameroon) - Collar 14120"
27220870119,true,2003-03-03 00:00:00.000,15.384,3.018,"2","argos-doppler-shift",,"#2789898388","14118","Elephant Research - Lobeke National Park (Cameroon) - Collar 14120"
27220870120,true,2003-03-03 00:00:00.000,15.388,3.016,"3","argos-doppler-shift",,"#2789898388","14118","Elephant Research - Lobeke National Park (Cameroon) - Collar 14120"
27220870121,true,2003-03-03 00:00:00.000,15.397,3.018,"B","argos-doppler-shift",,"#2789898388","14118","Elephant Research - Lobeke National Park (Cameroon) - Collar 14120"
27220870122,true,2003-03-04 00:00:00.000,15.457,2.999,"A","argos-doppler-shift",,"#2789898388","14118","Elephant Research - Lobeke National Park (Cameroon) - Collar 14120"
27220870123,true,2003-03-04 00:00:00.000,15.365,3.0,"A","argos-doppler-shift",,"#2789898388","14118","Elephant Research - Lobeke National Park (Cameroon) - Collar 14120"
27220870124,true,2003-03-05 00:00:00.000,15.367,3.016,"B","argos-doppler-shift",,"#2789898388","14118","Elephant Research - Lobeke National Park (Cameroon) - Collar 14120"
27220870125,true,2003-03-05 00:00:00.000,15.409,3.043,"2","argos-doppler-shift",,"#2789898388","14118","Elephant Research - Lobeke National Park (Cameroon) - Collar 14120"
27220870126,true,2003-03-06 00:00:00.000,15.398,3.025,"3","argos-doppler-shift",,"#2789898388","14118","Elephant Research - Lobeke National Park (Cameroon) - Collar 14120"
27220870127,true,2003-03-06 00:00:00.000,15.398,3.024,"2","argos-doppler-shift",,"#2789898388","14118","Elephant Research - Lobeke National Park (Cameroon) - Collar 14120"
27220870128,true,2003-03-07 00:00:00.000,15.393,3.027,"B","argos-doppler-shift",,"#2789898388","14118","Elephant Research - Lobeke National Park (Cameroon) - Collar 14120"
27220870129,true,2003-03-07 00:00:00.000,15.378,2.986,"B","argos-doppler-shift",,"#2789898388","14118","Elephant Research - Lobeke National Park (Cameroon) - Collar 14120"
27220870130,true,2003-03-08 00:00:00.000,15.362,3.067,"B","argos-doppler-shift",,"#2789898388","14118","Elephant Research - Lobeke National Park (Cameroon) - Collar 14120"
27220870131,true,2003-03-09 00:00:00.000,15.387,3.054,"A","argos-doppler-shift",,"#2789898388","14118","Elephant Research - Lobeke National Park (Cameroon) - Collar 14120"
27220870132,true,2003-03-10 00:00:00.000,15.403,3.023,"A","argos-doppler-shift",,"#2789898388","14118","Elephant Research - Lobeke National Park (Cameroon) - Collar 14120"
27220870133,true,2003-03-11 00:00:00.000,15.337,3.041,"A","argos-doppler-shift",,"#2789898388","14118","Elephant Research - Lobeke National Park (Cameroon) - Collar 14120"
27220870134,true,2003-03-12 00:00:00.000,15.373,3.015,"B","argos-doppler-shift",,"#2789898388","14118","Elephant Research - Lobeke National Park (Cameroon) - Collar 14120"
27220870135,true,2003-03-12 00:00:00.000,15.401,3.008,"B","argos-doppler-shift",,"#2789898388","14118","Elephant Research - Lobeke National Park (Cameroon) - Collar 14120"
27220870136,true,2003-03-12 00:00:00.000,15.431,2.998,"A","argos-doppler-shift",,"#2789898388","14118","Elephant Research - Lobeke National Park (Cameroon) - Collar 14120"
27220870137,true,2003-03-13 00:00:00.000,15.468,3.008,"A","argos-doppler-shift",,"#2789898388","14118","Elephant Research - Lobeke National Park (Cameroon) - Collar 14120"
27220870138,true,2003-03-14 00:00:00.000,15.467,2.985,"1","argos-doppler-shift",,"#2789898388","14118","Elephant Research - Lobeke National Park (Cameroon) - Collar 14120"
27220870139,true,2003-03-15 00:00:00.000,15.453,2.942,"B","argos-doppler-shift",,"#2789898388","14118","Elephant Research - Lobeke National Park (Cameroon) - Collar 14120"
27220870140,true,2003-03-15 00:00:00.000,15.463,2.976,"A","argos-doppler-shift",,"#2789898388","14118","Elephant Research - Lobeke National Park (Cameroon) - Collar 14120"
27220870141,true,2003-03-15 00:00:00.000,15.468,2.971,"2","argos-doppler-shift",,"#2789898388","14118","Elephant Research - Lobeke National Park (Cameroon) - Collar 14120"
27220870142,true,2003-03-16 00:00:00.000,15.46,2.953,"A","argos-doppler-shift",,"#2789898388","14118","Elephant Research - Lobeke National Park (Cameroon) - Collar 14120"
27220870143,true,2003-03-16 00:00:00.000,15.461,2.951,"A","argos-doppler-shift",,"#2789898388","14118","Elephant Research - Lobeke National Park (Cameroon) - Collar 14120"
27220870144,true,2003-03-16 00:00:00.000,15.465,2.954,"3","argos-doppler-shift",,"#2789898388","14118","Elephant Research - Lobeke National Park (Cameroon) - Collar 14120"
27220870145,true,2003-03-17 00:00:00.000,15.51,2.966,"B","argos-doppler-shift",,"#2789898388","14118","Elephant Research - Lobeke National Park (Cameroon) - Collar 14120"
27220870146,true,2003-03-18 00:00:00.000,15.575,2.912,"A","argos-doppler-shift",,"#2789898388","14118","Elephant Research - Lobeke National Park (Cameroon) - Collar 14120"
27220870147,true,2003-03-20 00:00:00.000,15.702,2.626,"B","argos-doppler-shift",,"#2789898388","14118","Elephant Research - Lobeke National Park (Cameroon) - Collar 14120"
27220870148,true,2003-03-20 00:00:00.000,15.712,2.612,"3","argos-doppler-shift",,"#2789898388","14118","Elephant Research - Lobeke National Park (Cameroon) - Collar 14120"
27220870149,true,2003-03-21 00:00:00.000,15.743,2.594,"A","argos-doppler-shift",,"#2789898388","14118","Elephant Research - Lobeke National Park (Cameroon) - Collar 14120"
27220870150,true,2003-03-21 00:00:00.000,15.743,2.594,"A","argos-doppler-shift",,"#2789898388","14118","Elephant Research - Lobeke National Park (Cameroon) - Collar 14120"
27220870151,true,2003-03-21 00:00:00.000,15.739,2.591,"A","argos-doppler-shift",,"#2789898388","14118","Elephant Research - Lobeke National Park (Cameroon) - Collar 14120"
27220870152,true,2003-03-21 00:00:00.000,15.739,2.591,"A","argos-doppler-shift",,"#2789898388","14118","Elephant Research - Lobeke National Park (Cameroon) - Collar 14120"
27220870153,true,2003-03-22 00:00:00.000,15.735,2.583,"A","argos-doppler-shift",,"#2789898388","14118","Elephant Research - Lobeke National Park (Cameroon) - Collar 14120"
27220870154,true,2003-03-22 00:00:00.000,15.735,2.583,"A","argos-doppler-shift",,"#2789898388","14118","Elephant Research - Lobeke National Park (Cameroon) - Collar 14120"
27220870155,true,2003-03-22 00:00:00.000,15.717,2.577,"2","argos-doppler-shift",,"#2789898388","14118","Elephant Research - Lobeke National Park (Cameroon) - Collar 14120"
27220870156,true,2003-03-22 00:00:00.000,15.717,2.577,"2","argos-doppler-shift",,"#2789898388","14118","Elephant Research - Lobeke National Park (Cameroon) - Collar 14120"
27220870157,true,2003-03-22 00:00:00.000,15.742,2.586,"B","argos-doppler-shift",,"#2789898388","14118","Elephant Research - Lobeke National Park (Cameroon) - Collar 14120"
27220870158,true,2003-03-22 00:00:00.000,15.742,2.586,"B","argos-doppler-shift",,"#2789898388","14118","Elephant Research - Lobeke National Park (Cameroon) - Collar 14120"
27220870159,true,2003-03-23 00:00:00.000,15.753,2.559,"1","argos-doppler-shift",,"#2789898388","14118","Elephant Research - Lobeke National Park (Cameroon) - Collar 14120"
27220870160,true,2003-03-23 00:00:00.000,15.753,2.559,"1","argos-doppler-shift",,"#2789898388","14118","Elephant Research - Lobeke National Park (Cameroon) - Collar 14120"
27220870161,true,2003-03-24 00:00:00.000,15.737,2.351,"B","argos-doppler-shift",,"#2789898388","14118","Elephant Research - Lobeke National Park (Cameroon) - Collar 14120"
27220870162,true,2003-03-24 00:00:00.000,15.737,2.351,"B","argos-doppler-shift",,"#2789898388","14118","Elephant Research - Lobeke National Park (Cameroon) - Collar 14120"
27220870163,true,2003-03-24 00:00:00.000,15.737,2.351,"B","argos-doppler-shift",,"#2789898388","14118","Elephant Research - Lobeke National Park (Cameroon) - Collar 14120"
27220870164,true,2003-03-24 00:00:00.000,15.737,2.351,"B","argos-doppler-shift",,"#2789898388","14118","Elephant Research - Lobeke National Park (Cameroon) - Collar 14120"
27220870165,true,2003-03-25 00:00:00.000,15.755,2.362,"A","argos-doppler-shift",,"#2789898388","14118","Elephant Research - Lobeke National Park (Cameroon) - Collar 14120"
27220870166,true,2003-03-25 00:00:00.000,15.755,2.362,"A","argos-doppler-shift",,"#2789898388","14118","Elephant Research - Lobeke National Park (Cameroon) - Collar 14120"
27220870167,true,2003-03-25 00:00:00.000,15.735,2.366,"B","argos-doppler-shift",,"#2789898388","14118","Elephant Research - Lobeke National Park (Cameroon) - Collar 14120"
27220870168,true,2003-03-25 00:00:00.000,15.735,2.366,"B","argos-doppler-shift",,"#2789898388","14118","Elephant Research - Lobeke National Park (Cameroon) - Collar 14120"
27220870169,true,2003-03-25 00:00:00.000,15.749,2.369,"A","argos-doppler-shift",,"#2789898388","14118","Elephant Research - Lobeke National Park (Cameroon) - Collar 14120"
27220870170,true,2003-03-25 00:00:00.000,15.749,2.369,"A","argos-doppler-shift",,"#2789898388","14118","Elephant Research - Lobeke National Park (Cameroon) - Collar 14120"
27220870171,true,2003-03-27 00:00:00.000,15.744,2.361,"A","argos-doppler-shift",,"#2789898388","14118","Elephant Research - Lobeke National Park (Cameroon) - Collar 14120"
27220870172,true,2003-03-28 00:00:00.000,15.763,2.347,"2","argos-doppler-shift",,"#2789898388","14118","Elephant Research - Lobeke National Park (Cameroon) - Collar 14120"
27220870173,true,2003-03-28 00:00:00.000,15.759,2.328,"B","argos-doppler-shift",,"#2789898388","14118","Elephant Research - Lobeke National Park (Cameroon) - Collar 14120"
27220870174,true,2003-03-28 00:00:00.000,15.759,2.348,"2","argos-doppler-shift",,"#2789898388","14118","Elephant Research - Lobeke National Park (Cameroon) - Collar 14120"
27220870175,true,2003-03-29 00:00:00.000,15.764,2.37,"2","argos-doppler-shift",,"#2789898388","14118","Elephant Research - Lobeke National Park (Cameroon) - Collar 14120"
27220870176,true,2003-03-29 00:00:00.000,15.753,2.363,"A","argos-doppler-shift",,"#2789898388","14118","Elephant Research - Lobeke National Park (Cameroon) - Collar 14120"
27220870177,true,2003-03-30 00:00:00.000,15.77,2.366,"A","argos-doppler-shift",,"#2789898388","14118","Elephant Research - Lobeke National Park (Cameroon) - Collar 14120"
27220870178,true,2003-03-30 00:00:00.000,15.776,2.367,"1","argos-doppler-shift",,"#2789898388","14118","Elephant Research - Lobeke National Park (Cameroon) - Collar 14120"
27220870179,true,2003-03-30 00:00:00.000,15.776,2.358,"B","argos-doppler-shift",,"#2789898388","14118","Elephant Research - Lobeke National Park (Cameroon) - Collar 14120"
27220870180,true,2003-03-31 00:00:00.000,15.773,2.372,"3","argos-doppler-shift",,"#2789898388","14118","Elephant Research - Lobeke National Park (Cameroon) - Collar 14120"
27220870181,true,2003-03-31 00:00:00.000,15.776,2.375,"A","argos-doppler-shift",,"#2789898388","14118","Elephant Research - Lobeke National Park (Cameroon) - Collar 14120"
27220870182,true,2003-04-01 00:00:00.000,15.759,2.385,"1","argos-doppler-shift",,"#2789898388","14118","Elephant Research - Lobeke National Park (Cameroon) - Collar 14120"
27220870183,true,2003-04-01 00:00:00.000,15.77,2.385,"A","argos-doppler-shift",,"#2789898388","14118","Elephant Research - Lobeke National Park (Cameroon) - Collar 14120"
27220870184,true,2003-04-02 00:00:00.000,15.762,2.416,"B","argos-doppler-shift",,"#2789898388","14118","Elephant Research - Lobeke National Park (Cameroon) - Collar 14120"
27220870185,true,2003-04-03 00:00:00.000,15.732,2.391,"3","argos-doppler-shift",,"#2789898388","14118","Elephant Research - Lobeke National Park (Cameroon) - Collar 14120"
27220870186,true,2003-04-03 00:00:00.000,15.771,2.382,"A","argos-doppler-shift",,"#2789898388","14118","Elephant Research - Lobeke National Park (Cameroon) - Collar 14120"
27220870187,true,2003-04-05 00:00:00.000,15.803,2.332,"B","argos-doppler-shift",,"#2789898388","14118","Elephant Research - Lobeke National Park (Cameroon) - Collar 14120"
27220870188,true,2003-04-05 00:00:00.000,15.762,2.282,"B","argos-doppler-shift",,"#2789898388","14118","Elephant Research - Lobeke National Park (Cameroon) - Collar 14120"
27220870189,true,2003-04-07 00:00:00.000,15.774,2.376,"A","argos-doppler-shift",,"#2789898388","14118","Elephant Research - Lobeke National Park (Cameroon) - Collar 14120"
27220870190,true,2003-04-07 00:00:00.000,15.773,2.376,"A","argos-doppler-shift",,"#2789898388","14118","Elephant Research - Lobeke National Park (Cameroon) - Collar 14120"
27220870191,true,2003-04-08 00:00:00.000,15.745,2.379,"1","argos-doppler-shift",,"#2789898388","14118","Elephant Research - Lobeke National Park (Cameroon) - Collar 14120"
27220870192,true,2003-04-08 00:00:00.000,15.753,2.38,"A","argos-doppler-shift",,"#2789898388","14118","Elephant Research - Lobeke National Park (Cameroon) - Collar 14120"
27220870193,true,2003-04-09 00:00:00.000,15.705,2.396,"A","argos-doppler-shift",,"#2789898388","14118","Elephant Research - Lobeke National Park (Cameroon) - Collar 14120"
27220870194,true,2003-04-09 00:00:00.000,15.704,2.388,"1","argos-doppler-shift",,"#2789898388","14118","Elephant Research - Lobeke National Park (Cameroon) - Collar 14120"
27220870195,true,2003-04-10 00:00:00.000,15.731,2.398,"3","argos-doppler-shift",,"#2789898388","14118","Elephant Research - Lobeke National Park (Cameroon) - Collar 14120"
27220870196,true,2003-04-10 00:00:00.000,15.739,2.411,"2","argos-doppler-shift",,"#2789898388","14118","Elephant Research - Lobeke National Park (Cameroon) - Collar 14120"
27220870197,true,2003-04-11 00:00:00.000,15.739,2.41,"B","argos-doppler-shift",,"#2789898388","14118","Elephant Research - Lobeke National Park (Cameroon) - Collar 14120"
27220870198,true,2003-04-11 00:00:00.000,15.737,2.411,"B","argos-doppler-shift",,"#2789898388","14118","Elephant Research - Lobeke National Park (Cameroon) - Collar 14120"
27220870199,true,2003-04-11 00:00:00.000,15.746,2.409,"2","argos-doppler-shift",,"#2789898388","14118","Elephant Research - Lobeke National Park (Cameroon) - Collar 14120"
27220870200,true,2003-04-12 00:00:00.000,15.696,2.436,"B","argos-doppler-shift",,"#2789898388","14118","Elephant Research - Lobeke National Park (Cameroon) - Collar 14120"
27220870201,true,2003-04-12 00:00:00.000,15.74,2.414,"B","argos-doppler-shift",,"#2789898388","14118","Elephant Research - Lobeke National Park (Cameroon) - Collar 14120"
27220870202,true,2003-04-14 00:00:00.000,15.718,2.427,"2","argos-doppler-shift",,"#2789898388","14118","Elephant Research - Lobeke National Park (Cameroon) - Collar 14120"
27220870203,true,2003-04-15 00:00:00.000,15.713,2.408,"B","argos-doppler-shift",,"#2789898388","14118","Elephant Research - Lobeke National Park (Cameroon) - Collar 14120"
27220870204,true,2003-04-16 00:00:00.000,15.716,2.475,"B","argos-doppler-shift",,"#2789898388","14118","Elephant Research - Lobeke National Park (Cameroon) - Collar 14120"
27220870205,true,2003-04-16 00:00:00.000,15.703,2.47,"A","argos-doppler-shift",,"#2789898388","14118","Elephant Research - Lobeke National Park (Cameroon) - Collar 14120"
27220870206,true,2003-04-16 00:00:00.000,15.728,2.466,"B","argos-doppler-shift",,"#2789898388","14118","Elephant Research - Lobeke National Park (Cameroon) - Collar 14120"
27220870207,true,2003-04-17 00:00:00.000,15.826,2.47,"B","argos-doppler-shift",,"#2789898388","14118","Elephant Research - Lobeke National Park (Cameroon) - Collar 14120"
27220870208,true,2003-04-17 00:00:00.000,15.622,2.519,"B","argos-doppler-shift",,"#2789898388","14118","Elephant Research - Lobeke National Park (Cameroon) - Collar 14120"
27220870209,true,2003-04-17 00:00:00.000,15.691,2.491,"3","argos-doppler-shift",,"#2789898388","14118","Elephant Research - Lobeke National Park (Cameroon) - Collar 14120"
27220870210,true,2003-04-18 00:00:00.000,15.691,2.484,"3","argos-doppler-shift",,"#2789898388","14118","Elephant Research - Lobeke National Park (Cameroon) - Collar 14120"
27220870211,true,2003-04-18 00:00:00.000,15.656,2.485,"1","argos-doppler-shift",,"#2789898388","14118","Elephant Research - Lobeke National Park (Cameroon) - Collar 14120"
27220870212,true,2003-04-19 00:00:00.000,15.675,2.507,"B","argos-doppler-shift",,"#2789898388","14118","Elephant Research - Lobeke National Park (Cameroon) - Collar 14120"
27220870213,true,2003-04-19 00:00:00.000,15.683,2.509,"A","argos-doppler-shift",,"#2789898388","14118","Elephant Research - Lobeke National Park (Cameroon) - Collar 14120"
27220870214,true,2003-04-20 00:00:00.000,15.664,2.519,"A","argos-doppler-shift",,"#2789898388","14118","Elephant Research - Lobeke National Park (Cameroon) - Collar 14120"
27220870215,true,2003-04-20 00:00:00.000,15.664,2.519,"B","argos-doppler-shift",,"#2789898388","14118","Elephant Research - Lobeke National Park (Cameroon) - Collar 14120"
27220870216,true,2003-04-20 00:00:00.000,15.674,2.517,"A","argos-doppler-shift",,"#2789898388","14118","Elephant Research - Lobeke National Park (Cameroon) - Collar 14120"
27220870217,true,2003-04-21 00:00:00.000,15.662,2.518,"3","argos-doppler-shift",,"#2789898388","14118","Elephant Research - Lobeke National Park (Cameroon) - Collar 14120"
27220870218,true,2003-04-21 00:00:00.000,15.677,2.514,"1","argos-doppler-shift",,"#2789898388","14118","Elephant Research - Lobeke National Park (Cameroon) - Collar 14120"
27220870219,true,2003-04-22 00:00:00.000,15.679,2.511,"B","argos-doppler-shift",,"#2789898388","14118","Elephant Research - Lobeke National Park (Cameroon) - Collar 14120"
27220870220,true,2003-04-23 00:00:00.000,15.665,2.516,"A","argos-doppler-shift",,"#2789898388","14118","Elephant Research - Lobeke National Park (Cameroon) - Collar 14120"
27220870221,true,2003-04-24 00:00:00.000,15.707,2.504,"2","argos-doppler-shift",,"#2789898388","14118","Elephant Research - Lobeke National Park (Cameroon) - Collar 14120"
27220870222,true,2003-04-24 00:00:00.000,15.679,2.507,"A","argos-doppler-shift",,"#2789898388","14118","Elephant Research - Lobeke National Park (Cameroon) - Collar 14120"
27220870223,true,2003-04-25 00:00:00.000,15.684,2.507,"3","argos-doppler-shift",,"#2789898388","14118","Elephant Research - Lobeke National Park (Cameroon) - Collar 14120"
27220870224,true,2003-04-25 00:00:00.000,15.675,2.511,"A","argos-doppler-shift",,"#2789898388","14118","Elephant Research - Lobeke National Park (Cameroon) - Collar 14120"
27220870225,true,2003-04-25 00:00:00.000,15.681,2.506,"A","argos-doppler-shift",,"#2789898388","14118","Elephant Research - Lobeke National Park (Cameroon) - Collar 14120"
27220870226,true,2003-04-26 00:00:00.000,15.686,2.504,"A","argos-doppler-shift",,"#2789898388","14118","Elephant Research - Lobeke National Park (Cameroon) - Collar 14120"
27220870227,true,2003-04-28 00:00:00.000,15.675,2.498,"A","argos-doppler-shift",,"#2789898388","14118","Elephant Research - Lobeke National Park (Cameroon) - Collar 14120"
27220870228,true,2003-04-28 00:00:00.000,15.675,2.498,"A","argos-doppler-shift",,"#2789898388","14118","Elephant Research - Lobeke National Park (Cameroon) - Collar 14120"
27220870229,true,2003-04-28 00:00:00.000,15.697,2.502,"3","argos-doppler-shift",,"#2789898388","14118","Elephant Research - Lobeke National Park (Cameroon) - Collar 14120"
27220870230,true,2003-04-28 00:00:00.000,15.697,2.502,"3","argos-doppler-shift",,"#2789898388","14118","Elephant Research - Lobeke National Park (Cameroon) - Collar 14120"
27220870231,true,2003-04-29 00:00:00.000,15.674,2.504,"2","argos-doppler-shift",,"#2789898388","14118","Elephant Research - Lobeke National Park (Cameroon) - Collar 14120"
27220870232,true,2003-04-29 00:00:00.000,15.678,2.508,"B","argos-doppler-shift",,"#2789898388","14118","Elephant Research - Lobeke National Park (Cameroon) - Collar 14120"
27220870233,true,2003-05-01 00:00:00.000,15.846,2.469,"A","argos-doppler-shift",,"#2789898388","14118","Elephant Research - Lobeke National Park (Cameroon) - Collar 14120"
27220870234,true,2003-05-01 00:00:00.000,15.846,2.469,"A","argos-doppler-shift",,"#2789898388","14118","Elephant Research - Lobeke National Park (Cameroon) - Collar 14120"
27220870235,true,2003-05-01 00:00:00.000,15.707,2.519,"A","argos-doppler-shift",,"#2789898388","14118","Elephant Research - Lobeke National Park (Cameroon) - Collar 14120"
27220870236,true,2003-05-01 00:00:00.000,15.707,2.519,"A","argos-doppler-shift",,"#2789898388","14118","Elephant Research - Lobeke National Park (Cameroon) - Collar 14120"
27220870237,true,2003-05-02 00:00:00.000,15.711,2.505,"A","argos-doppler-shift",,"#2789898388","14118","Elephant Research - Lobeke National Park (Cameroon) - Collar 14120"
27220870238,true,2003-05-02 00:00:00.000,15.721,2.473,"B","argos-doppler-shift",,"#2789898388","14118","Elephant Research - Lobeke National Park (Cameroon) - Collar 14120"
27220870239,true,2003-05-03 00:00:00.000,15.75,2.43,"A","argos-doppler-shift",,"#2789898388","14118","Elephant Research - Lobeke National Park (Cameroon) - Collar 14120"
27220870240,true,2003-05-03 00:00:00.000,15.732,2.358,"B","argos-doppler-shift",,"#2789898388","14118","Elephant Research - Lobeke National Park (Cameroon) - Collar 14120"
27220870241,true,2003-05-03 00:00:00.000,15.765,2.325,"B","argos-doppler-shift",,"#2789898388","14118","Elephant Research - Lobeke National Park (Cameroon) - Collar 14120"
27220870242,true,2003-05-04 00:00:00.000,15.755,2.32,"1","argos-doppler-shift",,"#2789898388","14118","Elephant Research - Lobeke National Park (Cameroon) - Collar 14120"
27220870243,true,2003-05-04 00:00:00.000,15.763,2.324,"A","argos-doppler-shift",,"#2789898388","14118","Elephant Research - Lobeke National Park (Cameroon) - Collar 14120"
27220870244,true,2003-05-04 00:00:00.000,15.751,2.314,"A","argos-doppler-shift",,"#2789898388","14118","Elephant Research - Lobeke National Park (Cameroon) - Collar 14120"
27220870245,true,2003-05-07 00:00:00.000,15.769,2.301,"B","argos-doppler-shift",,"#2789898388","14118","Elephant Research - Lobeke National Park (Cameroon) - Collar 14120"
27220870246,true,2003-05-07 00:00:00.000,15.751,2.305,"A","argos-doppler-shift",,"#2789898388","14118","Elephant Research - Lobeke National Park (Cameroon) - Collar 14120"
27220870247,true,2003-05-08 00:00:00.000,15.756,2.305,"2","argos-doppler-shift",,"#2789898388","14118","Elephant Research - Lobeke National Park (Cameroon) - Collar 14120"
27220870248,true,2003-05-08 00:00:00.000,15.714,2.313,"0","argos-doppler-shift",,"#2789898388","14118","Elephant Research - Lobeke National Park (Cameroon) - Collar 14120"
27220870249,true,2003-05-08 00:00:00.000,15.76,2.305,"3","argos-doppler-shift",,"#2789898388","14118","Elephant Research - Lobeke National Park (Cameroon) - Collar 14120"
27220870250,true,2003-05-09 00:00:00.000,15.739,2.312,"2","argos-doppler-shift",,"#2789898388","14118","Elephant Research - Lobeke National Park (Cameroon) - Collar 14120"
27220870251,true,2003-05-09 00:00:00.000,15.759,2.307,"3","argos-doppler-shift",,"#2789898388","14118","Elephant Research - Lobeke National Park (Cameroon) - Collar 14120"
27220870252,true,2003-05-09 00:00:00.000,15.753,2.308,"A","argos-doppler-shift",,"#2789898388","14118","Elephant Research - Lobeke National Park (Cameroon) - Collar 14120"
27220870253,true,2003-05-12 00:00:00.000,15.728,2.417,"B","argos-doppler-shift",,"#2789898388","14118","Elephant Research - Lobeke National Park (Cameroon) - Collar 14120"
27220870254,true,2003-05-12 00:00:00.000,15.74,2.452,"B","argos-doppler-shift",,"#2789898388","14118","Elephant Research - Lobeke National Park (Cameroon) - Collar 14120"
27220870255,true,2003-05-13 00:00:00.000,15.768,2.489,"3","argos-doppler-shift",,"#2789898388","14118","Elephant Research - Lobeke National Park (Cameroon) - Collar 14120"
27220870256,true,2003-05-13 00:00:00.000,15.775,2.484,"B","argos-doppler-shift",,"#2789898388","14118","Elephant Research - Lobeke National Park (Cameroon) - Collar 14120"
27220870257,true,2003-05-13 00:00:00.000,15.773,2.486,"3","argos-doppler-shift",,"#2789898388","14118","Elephant Research - Lobeke National Park (Cameroon) - Collar 14120"
27220870258,true,2003-05-14 00:00:00.000,15.759,2.493,"B","argos-doppler-shift",,"#2789898388","14118","Elephant Research - Lobeke National Park (Cameroon) - Collar 14120"
27220870259,true,2003-05-15 00:00:00.000,15.748,2.506,"B","argos-doppler-shift",,"#2789898388","14118","Elephant Research - Lobeke National Park (Cameroon) - Collar 14120"
27220870260,true,2003-05-15 00:00:00.000,15.725,2.488,"1","argos-doppler-shift",,"#2789898388","14118","Elephant Research - Lobeke National Park (Cameroon) - Collar 14120"
27220870261,true,2003-05-15 00:00:00.000,15.776,2.485,"B","argos-doppler-shift",,"#2789898388","14118","Elephant Research - Lobeke National Park (Cameroon) - Collar 14120"
27220870262,true,2003-05-16 00:00:00.000,15.777,2.498,"A","argos-doppler-shift",,"#2789898388","14118","Elephant Research - Lobeke National Park (Cameroon) - Collar 14120"
27220870263,true,2003-05-16 00:00:00.000,15.762,2.504,"B","argos-doppler-shift",,"#2789898388","14118","Elephant Research - Lobeke National Park (Cameroon) - Collar 14120"
27220870264,true,2003-05-16 00:00:00.000,15.775,2.503,"2","argos-doppler-shift",,"#2789898388","14118","Elephant Research - Lobeke National Park (Cameroon) - Collar 14120"
27220870265,true,2003-05-17 00:00:00.000,15.764,2.502,"1","argos-doppler-shift",,"#2789898388","14118","Elephant Research - Lobeke National Park (Cameroon) - Collar 14120"
27220870266,true,2003-05-17 00:00:00.000,15.743,2.497,"B","argos-doppler-shift",,"#2789898388","14118","Elephant Research - Lobeke National Park (Cameroon) - Collar 14120"
27220870267,true,2003-05-18 00:00:00.000,15.763,2.546,"B","argos-doppler-shift",,"#2789898388","14118","Elephant Research - Lobeke National Park (Cameroon) - Collar 14120"
27220870268,true,2003-05-18 00:00:00.000,15.746,2.542,"0","argos-doppler-shift",,"#2789898388","14118","Elephant Research - Lobeke National Park (Cameroon) - Collar 14120"
27220870269,true,2003-05-18 00:00:00.000,15.76,2.531,"B","argos-doppler-shift",,"#2789898388","14118","Elephant Research - Lobeke National Park (Cameroon) - Collar 14120"
27220870270,true,2003-05-20 00:00:00.000,15.736,2.581,"B","argos-doppler-shift",,"#2789898388","14118","Elephant Research - Lobeke National Park (Cameroon) - Collar 14120"
27220870271,true,2003-05-20 00:00:00.000,15.734,2.57,"B","argos-doppler-shift",,"#2789898388","14118","Elephant Research - Lobeke National Park (Cameroon) - Collar 14120"
27220870272,true,2003-05-21 00:00:00.000,15.664,2.628,"B","argos-doppler-shift",,"#2789898388","14118","Elephant Research - Lobeke National Park (Cameroon) - Collar 14120"
27220870273,true,2003-05-21 00:00:00.000,15.73,2.616,"B","argos-doppler-shift",,"#2789898388","14118","Elephant Research - Lobeke National Park (Cameroon) - Collar 14120"
27220870274,true,2003-05-21 00:00:00.000,15.724,2.61,"3","argos-doppler-shift",,"#2789898388","14118","Elephant Research - Lobeke National Park (Cameroon) - Collar 14120"
27220870275,true,2003-05-21 00:00:00.000,15.727,2.59,"B","argos-doppler-shift",,"#2789898388","14118","Elephant Research - Lobeke National Park (Cameroon) - Collar 14120"
27220870276,true,2003-05-22 00:00:00.000,15.724,2.614,"3","argos-doppler-shift",,"#2789898388","14118","Elephant Research - Lobeke National Park (Cameroon) - Collar 14120"
27220870277,true,2003-05-22 00:00:00.000,15.742,2.612,"B","argos-doppler-shift",,"#2789898388","14118","Elephant Research - Lobeke National Park (Cameroon) - Collar 14120"
27220870278,true,2003-05-23 00:00:00.000,15.727,2.666,"1","argos-doppler-shift",,"#2789898388","14118","Elephant Research - Lobeke National Park (Cameroon) - Collar 14120"
27220870279,true,2003-05-23 00:00:00.000,15.701,2.669,"1","argos-doppler-shift",,"#2789898388","14118","Elephant Research - Lobeke National Park (Cameroon) - Collar 14120"
27220870280,true,2003-05-24 00:00:00.000,15.657,2.702,"B","argos-doppler-shift",,"#2789898388","14118","Elephant Research - Lobeke National Park (Cameroon) - Collar 14120"
27220870281,true,2003-05-25 00:00:00.000,15.693,2.714,"B","argos-doppler-shift",,"#2789898388","14118","Elephant Research - Lobeke National Park (Cameroon) - Collar 14120"
27220870282,true,2003-05-25 00:00:00.000,15.711,2.71,"2","argos-doppler-shift",,"#2789898388","14118","Elephant Research - Lobeke National Park (Cameroon) - Collar 14120"
27220870283,true,2003-05-26 00:00:00.000,15.677,2.745,"B","argos-doppler-shift",,"#2789898388","14118","Elephant Research - Lobeke National Park (Cameroon) - Collar 14120"
27220870284,true,2003-05-26 00:00:00.000,15.691,2.746,"B","argos-doppler-shift",,"#2789898388","14118","Elephant Research - Lobeke National Park (Cameroon) - Collar 14120"
27220870285,true,2003-05-26 00:00:00.000,15.724,2.725,"B","argos-doppler-shift",,"#2789898388","14118","Elephant Research - Lobeke National Park (Cameroon) - Collar 14120"
27220870286,true,2003-05-27 00:00:00.000,15.704,2.728,"B","argos-doppler-shift",,"#2789898388","14118","Elephant Research - Lobeke National Park (Cameroon) - Collar 14120"
27220870287,true,2003-05-28 00:00:00.000,15.692,2.728,"3","argos-doppler-shift",,"#2789898388","14118","Elephant Research - Lobeke National Park (Cameroon) - Collar 14120"
27220870288,true,2003-05-29 00:00:00.000,15.688,2.735,"2","argos-doppler-shift",,"#2789898388","14118","Elephant Research - Lobeke National Park (Cameroon) - Collar 14120"
27220870289,true,2003-05-30 00:00:00.000,15.702,2.737,"B","argos-doppler-shift",,"#2789898388","14118","Elephant Research - Lobeke National Park (Cameroon) - Collar 14120"
27220870290,true,2003-05-30 00:00:00.000,15.705,2.729,"A","argos-doppler-shift",,"#2789898388","14118","Elephant Research - Lobeke National Park (Cameroon) - Collar 14120"
27220870291,true,2003-05-31 00:00:00.000,15.685,2.728,"3","argos-doppler-shift",,"#2789898388","14118","Elephant Research - Lobeke National Park (Cameroon) - Collar 14120"
27220870292,true,2003-05-31 00:00:00.000,15.704,2.724,"2","argos-doppler-shift",,"#2789898388","14118","Elephant Research - Lobeke National Park (Cameroon) - Collar 14120"
27220870293,true,2003-05-31 00:00:00.000,15.695,2.722,"3","argos-doppler-shift",,"#2789898388","14118","Elephant Research - Lobeke National Park (Cameroon) - Collar 14120"
27220870294,true,2003-06-01 00:00:00.000,15.691,2.727,"3","argos-doppler-shift",,"#2789898388","14118","Elephant Research - Lobeke National Park (Cameroon) - Collar 14120"
27220870295,true,2003-06-03 00:00:00.000,15.713,2.728,"3","argos-doppler-shift",,"#2789898388","14118","Elephant Research - Lobeke National Park (Cameroon) - Collar 14120"
27220870296,true,2003-06-04 00:00:00.000,15.699,2.721,"3","argos-doppler-shift",,"#2789898388","14118","Elephant Research - Lobeke National Park (Cameroon) - Collar 14120"
27220870297,true,2003-06-04 00:00:00.000,15.699,2.733,"B","argos-doppler-shift",,"#2789898388","14118","Elephant Research - Lobeke National Park (Cameroon) - Collar 14120"
27220870298,true,2003-06-04 00:00:00.000,15.714,2.725,"A","argos-doppler-shift",,"#2789898388","14118","Elephant Research - Lobeke National Park (Cameroon) - Collar 14120"
27220870299,true,2003-06-05 00:00:00.000,15.729,2.746,"B","argos-doppler-shift",,"#2789898388","14118","Elephant Research - Lobeke National Park (Cameroon) - Collar 14120"
27220870300,true,2003-06-05 00:00:00.000,15.697,2.74,"A","argos-doppler-shift",,"#2789898388","14118","Elephant Research - Lobeke National Park (Cameroon) - Collar 14120"
27220870301,true,2003-06-06 00:00:00.000,15.706,2.726,"B","argos-doppler-shift",,"#2789898388","14118","Elephant Research - Lobeke National Park (Cameroon) - Collar 14120"
27220870302,true,2003-06-06 00:00:00.000,15.71,2.731,"A","argos-doppler-shift",,"#2789898388","14118","Elephant Research - Lobeke National Park (Cameroon) - Collar 14120"
27220870303,true,2003-06-07 00:00:00.000,15.731,2.728,"B","argos-doppler-shift",,"#2789898388","14118","Elephant Research - Lobeke National Park (Cameroon) - Collar 14120"
27220870304,true,2003-06-08 00:00:00.000,15.696,2.734,"3","argos-doppler-shift",,"#2789898388","14118","Elephant Research - Lobeke National Park (Cameroon) - Collar 14120"
27220870305,true,2003-06-08 00:00:00.000,15.698,2.729,"A","argos-doppler-shift",,"#2789898388","14118","Elephant Research - Lobeke National Park (Cameroon) - Collar 14120"
27220870306,true,2003-06-09 00:00:00.000,15.678,2.728,"2","argos-doppler-shift",,"#2789898388","14118","Elephant Research - Lobeke National Park (Cameroon) - Collar 14120"
27220870307,true,2003-06-09 00:00:00.000,15.694,2.723,"3","argos-doppler-shift",,"#2789898388","14118","Elephant Research - Lobeke National Park (Cameroon) - Collar 14120"
27220870308,true,2003-06-10 00:00:00.000,15.68,2.728,"3","argos-doppler-shift",,"#2789898388","14118","Elephant Research - Lobeke National Park (Cameroon) - Collar 14120"
27220870309,true,2003-06-12 00:00:00.000,15.719,2.721,"A","argos-doppler-shift",,"#2789898388","14118","Elephant Research - Lobeke National Park (Cameroon) - Collar 14120"
27220870310,true,2003-06-12 00:00:00.000,15.724,2.717,"B","argos-doppler-shift",,"#2789898388","14118","Elephant Research - Lobeke National Park (Cameroon) - Collar 14120"
27220870311,true,2003-06-13 00:00:00.000,15.68,2.736,"3","argos-doppler-shift",,"#2789898388","14118","Elephant Research - Lobeke National Park (Cameroon) - Collar 14120"
27220870312,true,2003-06-13 00:00:00.000,15.66,2.742,"1","argos-doppler-shift",,"#2789898388","14118","Elephant Research - Lobeke National Park (Cameroon) - Collar 14120"
27220870313,true,2003-06-14 00:00:00.000,15.715,2.732,"2","argos-doppler-shift",,"#2789898388","14118","Elephant Research - Lobeke National Park (Cameroon) - Collar 14120"
27220870314,true,2003-06-15 00:00:00.000,15.736,2.73,"B","argos-doppler-shift",,"#2789898388","14118","Elephant Research - Lobeke National Park (Cameroon) - Collar 14120"
27220870315,true,2003-06-15 00:00:00.000,15.715,2.709,"B","argos-doppler-shift",,"#2789898388","14118","Elephant Research - Lobeke National Park (Cameroon) - Collar 14120"
27220870316,true,2003-06-17 00:00:00.000,15.733,2.736,"B","argos-doppler-shift",,"#2789898388","14118","Elephant Research - Lobeke National Park (Cameroon) - Collar 14120"
27220870317,true,2003-06-19 00:00:00.000,15.718,2.727,"3","argos-doppler-shift",,"#2789898388","14118","Elephant Research - Lobeke National Park (Cameroon) - Collar 14120"
27220870318,true,2003-06-19 00:00:00.000,15.727,2.713,"B","argos-doppler-shift",,"#2789898388","14118","Elephant Research - Lobeke National Park (Cameroon) - Collar 14120"
27220870319,true,2003-06-20 00:00:00.000,15.814,2.749,"0","argos-doppler-shift",,"#2789898388","14118","Elephant Research - Lobeke National Park (Cameroon) - Collar 14120"
27220870320,true,2003-06-21 00:00:00.000,15.716,2.733,"A","argos-doppler-shift",,"#2789898388","14118","Elephant Research - Lobeke National Park (Cameroon) - Collar 14120"
27220870321,true,2003-06-21 00:00:00.000,15.717,2.724,"B","argos-doppler-shift",,"#2789898388","14118","Elephant Research - Lobeke National Park (Cameroon) - Collar 14120"
27220870322,true,2003-06-22 00:00:00.000,15.712,2.732,"2","argos-doppler-shift",,"#2789898388","14118","Elephant Research - Lobeke National Park (Cameroon) - Collar 14120"
27220870323,true,2003-06-25 00:00:00.000,15.716,2.8,"A","argos-doppler-shift",,"#2789898388","14118","Elephant Research - Lobeke National Park (Cameroon) - Collar 14120"
27220870324,true,2003-06-25 00:00:00.000,15.717,2.805,"B","argos-doppler-shift",,"#2789898388","14118","Elephant Research - Lobeke National Park (Cameroon) - Collar 14120"
27220870325,true,2003-06-26 00:00:00.000,15.697,2.819,"A","argos-doppler-shift",,"#2789898388","14118","Elephant Research - Lobeke National Park (Cameroon) - Collar 14120"
27220870326,true,2003-06-26 00:00:00.000,15.692,2.816,"2","argos-doppler-shift",,"#2789898388","14118","Elephant Research - Lobeke National Park (Cameroon) - Collar 14120"
27220870327,true,2003-06-27 00:00:00.000,15.682,2.829,"A","argos-doppler-shift",,"#2789898388","14118","Elephant Research - Lobeke National Park (Cameroon) - Collar 14120"
27220870328,true,2003-06-27 00:00:00.000,15.69,2.82,"B","argos-doppler-shift",,"#2789898388","14118","Elephant Research - Lobeke National Park (Cameroon) - Collar 14120"
27220870329,true,2003-06-27 00:00:00.000,15.677,2.814,"B","argos-doppler-shift",,"#2789898388","14118","Elephant Research - Lobeke National Park (Cameroon) - Collar 14120"
